tag,year,unanswered,total
.NET,2007,0,0
.NET,2008,48,5885
.NET,2009,1130,22894
.NET,2010,2502,30935
.NET,2011,4363,38549
.NET,2012,6014,35486
.NET,2013,8242,32203
.NET,2014,10802,26499
A#,2007,0,0
A#,2008,0,0
A#,2009,0,0
A#,2010,0,0
A#,2011,0,0
A#,2012,0,0
A#,2013,0,0
A#,2014,0,0
A-0 System,2007,0,0
A-0 System,2008,0,0
A-0 System,2009,0,0
A-0 System,2010,0,0
A-0 System,2011,0,0
A-0 System,2012,0,0
A-0 System,2013,0,0
A-0 System,2014,0,0
A+,2007,0,0
A+,2008,0,0
A+,2009,0,0
A+,2010,0,0
A+,2011,0,0
A+,2012,0,0
A+,2013,0,0
A+,2014,0,0
A++,2007,0,0
A++,2008,0,0
A++,2009,0,0
A++,2010,0,0
A++,2011,0,0
A++,2012,0,0
A++,2013,0,0
A++,2014,0,0
ABAP,2007,0,0
ABAP,2008,0,10
ABAP,2009,0,36
ABAP,2010,1,45
ABAP,2011,0,66
ABAP,2012,12,177
ABAP,2013,36,190
ABAP,2014,53,154
ABC,2007,0,0
ABC,2008,0,1
ABC,2009,1,5
ABC,2010,0,6
ABC,2011,1,14
ABC,2012,0,9
ABC,2013,4,19
ABC,2014,4,16
ABC ALGOL,2007,0,0
ABC ALGOL,2008,0,0
ABC ALGOL,2009,0,0
ABC ALGOL,2010,0,0
ABC ALGOL,2011,0,0
ABC ALGOL,2012,0,0
ABC ALGOL,2013,0,0
ABC ALGOL,2014,0,0
ABLE,2007,0,0
ABLE,2008,0,0
ABLE,2009,0,0
ABLE,2010,0,0
ABLE,2011,0,0
ABLE,2012,0,0
ABLE,2013,0,0
ABLE,2014,0,0
ABSET,2007,0,0
ABSET,2008,0,0
ABSET,2009,0,0
ABSET,2010,0,0
ABSET,2011,0,0
ABSET,2012,0,0
ABSET,2013,0,0
ABSET,2014,0,0
ABSYS,2007,0,0
ABSYS,2008,0,0
ABSYS,2009,0,0
ABSYS,2010,0,0
ABSYS,2011,0,0
ABSYS,2012,0,0
ABSYS,2013,0,0
ABSYS,2014,0,0
ACC,2007,0,0
ACC,2008,0,0
ACC,2009,0,2
ACC,2010,0,2
ACC,2011,0,2
ACC,2012,1,6
ACC,2013,3,8
ACC,2014,5,7
Accent,2007,0,0
Accent,2008,0,9
Accent,2009,1,45
Accent,2010,9,97
Accent,2011,18,130
Accent,2012,24,116
Accent,2013,24,92
Accent,2014,45,86
Ace DASL,2007,0,0
Ace DASL,2008,0,0
Ace DASL,2009,0,0
Ace DASL,2010,0,0
Ace DASL,2011,0,0
Ace DASL,2012,0,0
Ace DASL,2013,0,0
Ace DASL,2014,0,0
ACL2,2007,0,0
ACL2,2008,0,0
ACL2,2009,0,0
ACL2,2010,0,0
ACL2,2011,0,1
ACL2,2012,0,0
ACL2,2013,2,3
ACL2,2014,5,10
ACT-III,2007,0,0
ACT-III,2008,0,0
ACT-III,2009,0,0
ACT-III,2010,0,0
ACT-III,2011,0,0
ACT-III,2012,0,0
ACT-III,2013,0,0
ACT-III,2014,0,0
Action!,2007,0,0
Action!,2008,0,10
Action!,2009,8,94
Action!,2010,43,287
Action!,2011,66,454
Action!,2012,164,614
Action!,2013,194,580
Action!,2014,288,563
ActionScript,2007,0,0
ActionScript,2008,3,138
ActionScript,2009,82,802
ActionScript,2010,260,1409
ActionScript,2011,424,2070
ActionScript,2012,449,1537
ActionScript,2013,528,1286
ActionScript,2014,464,820
Ada,2007,0,0
Ada,2008,0,8
Ada,2009,1,29
Ada,2010,2,92
Ada,2011,3,109
Ada,2012,8,167
Ada,2013,11,187
Ada,2014,30,210
Adenine,2007,0,0
Adenine,2008,0,0
Adenine,2009,0,0
Adenine,2010,0,0
Adenine,2011,0,0
Adenine,2012,0,0
Adenine,2013,0,0
Adenine,2014,0,0
Agda,2007,0,0
Agda,2008,0,0
Agda,2009,0,1
Agda,2010,0,4
Agda,2011,0,1
Agda,2012,0,33
Agda,2013,0,32
Agda,2014,11,102
Agilent VEE,2007,0,0
Agilent VEE,2008,0,0
Agilent VEE,2009,0,0
Agilent VEE,2010,0,0
Agilent VEE,2011,0,0
Agilent VEE,2012,0,0
Agilent VEE,2013,0,0
Agilent VEE,2014,0,0
Agora,2007,0,0
Agora,2008,0,0
Agora,2009,0,0
Agora,2010,0,0
Agora,2011,0,0
Agora,2012,0,0
Agora,2013,0,0
Agora,2014,0,0
AIMMS,2007,0,0
AIMMS,2008,0,0
AIMMS,2009,0,0
AIMMS,2010,0,0
AIMMS,2011,0,0
AIMMS,2012,0,0
AIMMS,2013,0,0
AIMMS,2014,0,2
Alef,2007,0,0
Alef,2008,0,0
Alef,2009,0,0
Alef,2010,0,0
Alef,2011,0,0
Alef,2012,0,0
Alef,2013,0,0
Alef,2014,0,0
ALF,2007,0,0
ALF,2008,0,0
ALF,2009,0,0
ALF,2010,0,0
ALF,2011,0,0
ALF,2012,0,0
ALF,2013,0,0
ALF,2014,0,0
ALGOL 58,2007,0,0
ALGOL 58,2008,0,0
ALGOL 58,2009,0,0
ALGOL 58,2010,0,0
ALGOL 58,2011,0,0
ALGOL 58,2012,0,0
ALGOL 58,2013,0,0
ALGOL 58,2014,0,0
ALGOL 60,2007,0,0
ALGOL 60,2008,0,0
ALGOL 60,2009,0,0
ALGOL 60,2010,0,0
ALGOL 60,2011,0,0
ALGOL 60,2012,0,0
ALGOL 60,2013,0,0
ALGOL 60,2014,0,0
ALGOL 68,2007,0,0
ALGOL 68,2008,0,0
ALGOL 68,2009,0,2
ALGOL 68,2010,0,0
ALGOL 68,2011,1,1
ALGOL 68,2012,0,0
ALGOL 68,2013,0,3
ALGOL 68,2014,0,0
ALGOL W,2007,0,0
ALGOL W,2008,0,0
ALGOL W,2009,0,0
ALGOL W,2010,0,0
ALGOL W,2011,0,0
ALGOL W,2012,0,0
ALGOL W,2013,0,0
ALGOL W,2014,0,0
Alice,2007,0,0
Alice,2008,0,0
Alice,2009,0,4
Alice,2010,1,5
Alice,2011,0,2
Alice,2012,0,0
Alice,2013,1,2
Alice,2014,2,2
Alma-0,2007,0,0
Alma-0,2008,0,0
Alma-0,2009,0,0
Alma-0,2010,0,0
Alma-0,2011,0,0
Alma-0,2012,0,0
Alma-0,2013,0,0
Alma-0,2014,0,0
AmbientTalk,2007,0,0
AmbientTalk,2008,0,0
AmbientTalk,2009,0,0
AmbientTalk,2010,0,0
AmbientTalk,2011,0,0
AmbientTalk,2012,0,0
AmbientTalk,2013,0,0
AmbientTalk,2014,0,0
Amiga E,2007,0,0
Amiga E,2008,0,0
Amiga E,2009,0,0
Amiga E,2010,0,0
Amiga E,2011,0,0
Amiga E,2012,0,0
Amiga E,2013,0,0
Amiga E,2014,0,0
AMOS,2007,0,0
AMOS,2008,0,0
AMOS,2009,0,0
AMOS,2010,0,0
AMOS,2011,0,0
AMOS,2012,0,0
AMOS,2013,0,2
AMOS,2014,2,2
AMPL,2007,0,0
AMPL,2008,0,0
AMPL,2009,0,2
AMPL,2010,0,2
AMPL,2011,0,2
AMPL,2012,5,18
AMPL,2013,1,20
AMPL,2014,13,41
APL,2007,0,0
APL,2008,0,0
APL,2009,0,7
APL,2010,0,4
APL,2011,0,8
APL,2012,0,14
APL,2013,0,24
APL,2014,2,31
App Inventor,2007,0,0
App Inventor,2008,0,0
App Inventor,2009,0,0
App Inventor,2010,0,0
App Inventor,2011,0,0
App Inventor,2012,0,0
App Inventor,2013,0,0
App Inventor,2014,0,0
AppleScript,2007,0,0
AppleScript,2008,2,28
AppleScript,2009,11,131
AppleScript,2010,37,373
AppleScript,2011,80,612
AppleScript,2012,161,734
AppleScript,2013,259,928
AppleScript,2014,429,1006
Arc,2007,0,0
Arc,2008,0,0
Arc,2009,0,0
Arc,2010,0,1
Arc,2011,21,377
Arc,2012,150,1242
Arc,2013,149,814
Arc,2014,150,438
ARexx,2007,0,0
ARexx,2008,0,0
ARexx,2009,0,0
ARexx,2010,0,0
ARexx,2011,0,0
ARexx,2012,0,0
ARexx,2013,0,0
ARexx,2014,0,0
Argus,2007,0,0
Argus,2008,0,0
Argus,2009,0,0
Argus,2010,0,0
Argus,2011,0,0
Argus,2012,0,0
Argus,2013,0,0
Argus,2014,0,0
AspectJ,2007,0,0
AspectJ,2008,0,6
AspectJ,2009,7,45
AspectJ,2010,8,111
AspectJ,2011,50,284
AspectJ,2012,61,285
AspectJ,2013,154,401
AspectJ,2014,197,427
Assembly,2007,0,0
Assembly,2008,2,93
Assembly,2009,8,590
Assembly,2010,60,1310
Assembly,2011,170,2020
Assembly,2012,318,2741
Assembly,2013,748,3644
Assembly,2014,1168,3393
ATS,2007,0,0
ATS,2008,0,0
ATS,2009,0,0
ATS,2010,0,0
ATS,2011,0,0
ATS,2012,0,0
ATS,2013,0,0
ATS,2014,0,1
Ateji PX,2007,0,0
Ateji PX,2008,0,0
Ateji PX,2009,0,0
Ateji PX,2010,0,0
Ateji PX,2011,0,0
Ateji PX,2012,0,0
Ateji PX,2013,0,0
Ateji PX,2014,0,0
AutoHotkey,2007,0,0
AutoHotkey,2008,0,5
AutoHotkey,2009,1,24
AutoHotkey,2010,4,54
AutoHotkey,2011,14,87
AutoHotkey,2012,41,207
AutoHotkey,2013,178,525
AutoHotkey,2014,115,317
Autocoder,2007,0,0
Autocoder,2008,0,0
Autocoder,2009,0,0
Autocoder,2010,0,0
Autocoder,2011,0,0
Autocoder,2012,0,0
Autocoder,2013,0,0
Autocoder,2014,0,0
AutoIt,2007,0,0
AutoIt,2008,0,3
AutoIt,2009,1,16
AutoIt,2010,2,46
AutoIt,2011,11,113
AutoIt,2012,34,113
AutoIt,2013,56,236
AutoIt,2014,137,288
AutoLISP / Visual LISP,2007,0,0
AutoLISP / Visual LISP,2008,0,0
AutoLISP / Visual LISP,2009,0,0
AutoLISP / Visual LISP,2010,0,0
AutoLISP / Visual LISP,2011,0,0
AutoLISP / Visual LISP,2012,0,0
AutoLISP / Visual LISP,2013,0,0
AutoLISP / Visual LISP,2014,0,0
Averest,2007,0,0
Averest,2008,0,0
Averest,2009,0,0
Averest,2010,0,0
Averest,2011,0,0
Averest,2012,0,0
Averest,2013,0,0
Averest,2014,0,0
AWK,2007,0,0
AWK,2008,0,22
AWK,2009,2,193
AWK,2010,8,462
AWK,2011,14,783
AWK,2012,34,1628
AWK,2013,119,2848
AWK,2014,248,3070
Axum,2007,0,0
Axum,2008,0,0
Axum,2009,0,1
Axum,2010,0,1
Axum,2011,0,1
Axum,2012,0,0
Axum,2013,0,0
Axum,2014,0,0
B,2007,0,0
B,2008,0,0
B,2009,0,1
B,2010,0,0
B,2011,0,0
B,2012,1,2
B,2013,0,0
B,2014,3,5
Babbage,2007,0,0
Babbage,2008,0,0
Babbage,2009,0,0
Babbage,2010,0,0
Babbage,2011,0,0
Babbage,2012,0,0
Babbage,2013,0,0
Babbage,2014,0,0
Bash,2007,0,0
Bash,2008,0,226
Bash,2009,5,1240
Bash,2010,68,2651
Bash,2011,163,4865
Bash,2012,384,7991
Bash,2013,1249,11913
Bash,2014,2295,13423
BASIC,2007,0,0
BASIC,2008,0,2
BASIC,2009,0,9
BASIC,2010,1,22
BASIC,2011,2,12
BASIC,2012,4,21
BASIC,2013,17,52
BASIC,2014,87,147
bc,2007,0,0
bc,2008,0,0
bc,2009,0,2
bc,2010,0,8
bc,2011,0,12
bc,2012,1,18
bc,2013,4,39
bc,2014,3,28
BCPL,2007,0,0
BCPL,2008,0,0
BCPL,2009,0,0
BCPL,2010,0,0
BCPL,2011,0,2
BCPL,2012,0,0
BCPL,2013,0,2
BCPL,2014,0,0
BeanShell,2007,0,0
BeanShell,2008,0,3
BeanShell,2009,1,5
BeanShell,2010,2,22
BeanShell,2011,6,24
BeanShell,2012,9,26
BeanShell,2013,15,38
BeanShell,2014,23,58
Batch,2007,0,0
Batch,2008,1,162
Batch,2009,31,694
Batch,2010,98,1064
Batch,2011,208,2032
Batch,2012,495,3321
Batch,2013,1179,5788
Batch,2014,2412,6508
Bertrand,2007,0,0
Bertrand,2008,0,0
Bertrand,2009,0,0
Bertrand,2010,0,0
Bertrand,2011,0,0
Bertrand,2012,0,0
Bertrand,2013,0,0
Bertrand,2014,0,0
BETA,2007,0,0
BETA,2008,0,5
BETA,2009,0,25
BETA,2010,1,19
BETA,2011,7,33
BETA,2012,6,41
BETA,2013,6,19
BETA,2014,34,66
Bigwig,2007,0,0
Bigwig,2008,0,0
Bigwig,2009,0,0
Bigwig,2010,0,0
Bigwig,2011,0,0
Bigwig,2012,0,0
Bigwig,2013,0,0
Bigwig,2014,0,0
Bistro,2007,0,0
Bistro,2008,0,0
Bistro,2009,0,0
Bistro,2010,0,0
Bistro,2011,0,0
Bistro,2012,0,0
Bistro,2013,0,0
Bistro,2014,0,0
BitC,2007,0,0
BitC,2008,0,0
BitC,2009,0,0
BitC,2010,0,0
BitC,2011,0,0
BitC,2012,0,0
BitC,2013,0,0
BitC,2014,0,0
BLISS,2007,0,0
BLISS,2008,0,0
BLISS,2009,0,0
BLISS,2010,0,0
BLISS,2011,0,0
BLISS,2012,0,0
BLISS,2013,0,0
BLISS,2014,0,0
Blue,2007,0,0
Blue,2008,0,0
Blue,2009,0,0
Blue,2010,0,0
Blue,2011,0,0
Blue,2012,0,0
Blue,2013,0,0
Blue,2014,0,0
Bon,2007,0,0
Bon,2008,0,0
Bon,2009,0,0
Bon,2010,0,0
Bon,2011,0,0
Bon,2012,0,0
Bon,2013,0,0
Bon,2014,0,0
Boo,2007,0,0
Boo,2008,0,16
Boo,2009,0,25
Boo,2010,2,24
Boo,2011,3,18
Boo,2012,1,11
Boo,2013,2,10
Boo,2014,8,16
Boomerang,2007,0,0
Boomerang,2008,0,0
Boomerang,2009,0,0
Boomerang,2010,0,0
Boomerang,2011,0,0
Boomerang,2012,1,2
Boomerang,2013,2,3
Boomerang,2014,1,5
Bourne shell,2007,0,0
Bourne shell,2008,0,0
Bourne shell,2009,0,0
Bourne shell,2010,0,0
Bourne shell,2011,0,0
Bourne shell,2012,0,0
Bourne shell,2013,0,0
Bourne shell,2014,0,0
BREW,2007,0,0
BREW,2008,0,2
BREW,2009,1,4
BREW,2010,0,11
BREW,2011,1,14
BREW,2012,4,15
BREW,2013,20,51
BREW,2014,49,101
BPEL,2007,0,0
BPEL,2008,1,9
BPEL,2009,1,9
BPEL,2010,5,17
BPEL,2011,23,84
BPEL,2012,33,79
BPEL,2013,50,105
BPEL,2014,87,114
C,2007,0,0
C,2008,1,1173
C,2009,60,6745
C,2010,448,15144
C,2011,1176,22095
C,2012,2522,29300
C,2013,5462,36865
C,2014,8190,34573
C--,2007,0,0
C--,2008,1,1173
C--,2009,60,6745
C--,2010,448,15144
C--,2011,1176,22095
C--,2012,2522,29300
C--,2013,5462,36865
C--,2014,8190,34573
C++,2007,0,0
C++,2008,3,3099
C++,2009,251,15683
C++,2010,1260,31808
C++,2011,3079,47135
C++,2012,6558,60775
C++,2013,13992,76666
C++,2014,20889,73261
C#,2007,0,0
C#,2008,31,7412
C#,2009,2050,45579
C#,2010,5776,75195
C#,2011,11819,111165
C#,2012,21558,133438
C#,2013,39470,157324
C#,2014,61309,156763
C/AL,2007,0,0
C/AL,2008,0,1
C/AL,2009,0,10
C/AL,2010,1,4
C/AL,2011,2,5
C/AL,2012,0,5
C/AL,2013,3,6
C/AL,2014,4,8
C Shell,2007,0,0
C Shell,2008,0,0
C Shell,2009,0,0
C Shell,2010,0,0
C Shell,2011,0,0
C Shell,2012,0,0
C Shell,2013,0,0
C Shell,2014,0,0
Caml,2007,0,0
Caml,2008,0,9
Caml,2009,4,55
Caml,2010,10,43
Caml,2011,21,92
Caml,2012,20,73
Caml,2013,34,84
Caml,2014,42,72
Candle,2007,0,0
Candle,2008,0,0
Candle,2009,0,0
Candle,2010,0,0
Candle,2011,0,0
Candle,2012,0,0
Candle,2013,0,0
Candle,2014,0,0
Cayenne,2007,0,0
Cayenne,2008,0,0
Cayenne,2009,0,0
Cayenne,2010,0,0
Cayenne,2011,0,0
Cayenne,2012,0,0
Cayenne,2013,0,0
Cayenne,2014,0,0
CDuce,2007,0,0
CDuce,2008,0,0
CDuce,2009,0,0
CDuce,2010,0,0
CDuce,2011,0,0
CDuce,2012,0,0
CDuce,2013,0,0
CDuce,2014,0,0
Cecil,2007,0,0
Cecil,2008,0,0
Cecil,2009,0,0
Cecil,2010,0,0
Cecil,2011,0,0
Cecil,2012,0,0
Cecil,2013,0,0
Cecil,2014,0,0
Cel,2007,0,0
Cel,2008,0,0
Cel,2009,0,0
Cel,2010,0,0
Cel,2011,0,0
Cel,2012,0,0
Cel,2013,0,0
Cel,2014,0,0
Cesil,2007,0,0
Cesil,2008,0,0
Cesil,2009,0,0
Cesil,2010,0,0
Cesil,2011,0,0
Cesil,2012,0,0
Cesil,2013,0,0
Cesil,2014,0,0
Ceylon,2007,0,0
Ceylon,2008,0,0
Ceylon,2009,0,0
Ceylon,2010,0,0
Ceylon,2011,0,3
Ceylon,2012,0,3
Ceylon,2013,1,13
Ceylon,2014,0,6
CFEngine,2007,0,0
CFEngine,2008,0,0
CFEngine,2009,0,2
CFEngine,2010,0,0
CFEngine,2011,0,3
CFEngine,2012,2,4
CFEngine,2013,0,5
CFEngine,2014,4,9
CFML,2007,0,0
CFML,2008,0,7
CFML,2009,0,10
CFML,2010,0,22
CFML,2011,0,12
CFML,2012,3,27
CFML,2013,30,177
CFML,2014,21,71
Cg,2007,0,0
Cg,2008,0,1
Cg,2009,1,4
Cg,2010,4,15
Cg,2011,10,41
Cg,2012,10,45
Cg,2013,9,34
Cg,2014,17,32
Ch,2007,0,0
Ch,2008,0,0
Ch,2009,0,0
Ch,2010,0,0
Ch,2011,0,0
Ch,2012,0,0
Ch,2013,0,0
Ch,2014,0,1
Chapel,2007,0,0
Chapel,2008,0,0
Chapel,2009,0,0
Chapel,2010,0,0
Chapel,2011,0,1
Chapel,2012,0,0
Chapel,2013,0,1
Chapel,2014,1,1
CHAIN,2007,0,0
CHAIN,2008,0,0
CHAIN,2009,0,0
CHAIN,2010,2,8
CHAIN,2011,4,31
CHAIN,2012,11,41
CHAIN,2013,10,43
CHAIN,2014,20,69
Charity,2007,0,0
Charity,2008,0,0
Charity,2009,0,0
Charity,2010,0,0
Charity,2011,0,0
Charity,2012,0,0
Charity,2013,0,0
Charity,2014,0,0
Charm,2007,0,0
Charm,2008,0,0
Charm,2009,0,0
Charm,2010,0,0
Charm,2011,0,0
Charm,2012,0,1
Charm,2013,2,2
Charm,2014,2,2
Chef,2007,0,0
Chef,2008,0,0
Chef,2009,0,1
Chef,2010,0,8
Chef,2011,3,54
Chef,2012,29,270
Chef,2013,124,690
Chef,2014,360,1044
CHILL,2007,0,0
CHILL,2008,0,0
CHILL,2009,0,0
CHILL,2010,0,0
CHILL,2011,0,0
CHILL,2012,0,0
CHILL,2013,0,0
CHILL,2014,0,0
CHIP-8,2007,0,0
CHIP-8,2008,0,0
CHIP-8,2009,0,0
CHIP-8,2010,0,0
CHIP-8,2011,0,0
CHIP-8,2012,0,0
CHIP-8,2013,0,0
CHIP-8,2014,0,0
chomski,2007,0,0
chomski,2008,0,0
chomski,2009,0,0
chomski,2010,0,0
chomski,2011,0,0
chomski,2012,0,0
chomski,2013,0,0
chomski,2014,0,0
ChucK,2007,0,0
ChucK,2008,0,2
ChucK,2009,0,1
ChucK,2010,0,2
ChucK,2011,0,1
ChucK,2012,0,2
ChucK,2013,1,4
ChucK,2014,0,0
CICS,2007,0,0
CICS,2008,0,0
CICS,2009,0,1
CICS,2010,0,3
CICS,2011,1,8
CICS,2012,1,19
CICS,2013,2,9
CICS,2014,5,19
Cilk,2007,0,0
Cilk,2008,0,0
Cilk,2009,0,1
Cilk,2010,0,2
Cilk,2011,0,5
Cilk,2012,4,16
Cilk,2013,2,7
Cilk,2014,2,7
CL,2007,0,0
CL,2008,0,0
CL,2009,0,0
CL,2010,0,1
CL,2011,0,0
CL,2012,0,0
CL,2013,0,0
CL,2014,6,18
Claire,2007,0,0
Claire,2008,0,0
Claire,2009,0,0
Claire,2010,0,0
Claire,2011,0,0
Claire,2012,0,0
Claire,2013,0,0
Claire,2014,0,0
Clarion,2007,0,0
Clarion,2008,0,0
Clarion,2009,1,4
Clarion,2010,2,3
Clarion,2011,0,3
Clarion,2012,1,12
Clarion,2013,1,4
Clarion,2014,4,12
Clean,2007,0,0
Clean,2008,0,0
Clean,2009,0,0
Clean,2010,0,0
Clean,2011,0,0
Clean,2012,0,0
Clean,2013,0,0
Clean,2014,0,0
Clipper,2007,0,0
Clipper,2008,0,1
Clipper,2009,0,6
Clipper,2010,0,3
Clipper,2011,0,2
Clipper,2012,0,5
Clipper,2013,1,10
Clipper,2014,3,5
CLIST,2007,0,0
CLIST,2008,0,0
CLIST,2009,0,2
CLIST,2010,0,2
CLIST,2011,0,2
CLIST,2012,1,3
CLIST,2013,1,4
CLIST,2014,3,7
Clojure,2007,0,0
Clojure,2008,0,22
Clojure,2009,0,307
Clojure,2010,5,821
Clojure,2011,19,1221
Clojure,2012,74,1838
Clojure,2013,159,2190
Clojure,2014,310,2081
CLU,2007,0,0
CLU,2008,0,0
CLU,2009,0,0
CLU,2010,0,0
CLU,2011,0,0
CLU,2012,0,0
CLU,2013,0,0
CLU,2014,0,0
CMS-2,2007,0,0
CMS-2,2008,0,0
CMS-2,2009,0,0
CMS-2,2010,0,0
CMS-2,2011,0,0
CMS-2,2012,0,0
CMS-2,2013,0,0
CMS-2,2014,0,0
COBOL,2007,0,0
COBOL,2008,0,15
COBOL,2009,0,62
COBOL,2010,3,71
COBOL,2011,2,98
COBOL,2012,6,95
COBOL,2013,5,122
COBOL,2014,26,155
Cobra,2007,0,0
Cobra,2008,0,0
Cobra,2009,1,3
Cobra,2010,0,2
Cobra,2011,0,1
Cobra,2012,0,0
Cobra,2013,1,1
Cobra,2014,0,1
CODE,2007,0,0
CODE,2008,0,0
CODE,2009,0,0
CODE,2010,0,0
CODE,2011,0,0
CODE,2012,0,0
CODE,2013,0,0
CODE,2014,0,0
CoffeeScript,2007,0,0
CoffeeScript,2008,0,0
CoffeeScript,2009,0,1
CoffeeScript,2010,0,23
CoffeeScript,2011,36,760
CoffeeScript,2012,195,1708
CoffeeScript,2013,458,2158
CoffeeScript,2014,783,1990
Cola,2007,0,0
Cola,2008,0,0
Cola,2009,0,0
Cola,2010,0,0
Cola,2011,0,0
Cola,2012,0,0
Cola,2013,0,0
Cola,2014,0,0
ColdC,2007,0,0
ColdC,2008,0,0
ColdC,2009,0,0
ColdC,2010,0,0
ColdC,2011,0,0
ColdC,2012,0,0
ColdC,2013,0,0
ColdC,2014,0,0
ColdFusion,2007,0,0
ColdFusion,2008,0,84
ColdFusion,2009,24,548
ColdFusion,2010,70,999
ColdFusion,2011,134,1431
ColdFusion,2012,225,1863
ColdFusion,2013,473,1864
ColdFusion,2014,556,1675
COMAL,2007,0,0
COMAL,2008,0,0
COMAL,2009,0,0
COMAL,2010,0,0
COMAL,2011,0,0
COMAL,2012,0,0
COMAL,2013,0,0
COMAL,2014,0,0
Combined Programming Language,2007,0,0
Combined Programming Language,2008,0,0
Combined Programming Language,2009,0,0
Combined Programming Language,2010,0,0
Combined Programming Language,2011,0,0
Combined Programming Language,2012,0,0
Combined Programming Language,2013,0,0
Combined Programming Language,2014,0,0
COMIT,2007,0,0
COMIT,2008,0,0
COMIT,2009,0,0
COMIT,2010,0,0
COMIT,2011,0,0
COMIT,2012,0,0
COMIT,2013,0,0
COMIT,2014,0,0
Common Intermediate Language,2007,0,0
Common Intermediate Language,2008,0,0
Common Intermediate Language,2009,0,0
Common Intermediate Language,2010,0,0
Common Intermediate Language,2011,0,0
Common Intermediate Language,2012,0,0
Common Intermediate Language,2013,0,0
Common Intermediate Language,2014,0,0
Common Lisp,2007,0,0
Common Lisp,2008,0,0
Common Lisp,2009,0,0
Common Lisp,2010,0,0
Common Lisp,2011,0,0
Common Lisp,2012,0,0
Common Lisp,2013,0,0
Common Lisp,2014,0,0
COMPASS,2007,0,0
COMPASS,2008,0,0
COMPASS,2009,0,0
COMPASS,2010,0,0
COMPASS,2011,0,0
COMPASS,2012,0,0
COMPASS,2013,0,0
COMPASS,2014,91,131
Component Pascal,2007,0,0
Component Pascal,2008,0,0
Component Pascal,2009,0,0
Component Pascal,2010,0,0
Component Pascal,2011,0,0
Component Pascal,2012,0,0
Component Pascal,2013,0,0
Component Pascal,2014,0,0
Constraint Handling Rules,2007,0,0
Constraint Handling Rules,2008,0,0
Constraint Handling Rules,2009,0,0
Constraint Handling Rules,2010,0,0
Constraint Handling Rules,2011,0,0
Constraint Handling Rules,2012,0,0
Constraint Handling Rules,2013,0,0
Constraint Handling Rules,2014,0,0
Converge,2007,0,0
Converge,2008,0,0
Converge,2009,0,0
Converge,2010,0,0
Converge,2011,0,0
Converge,2012,0,0
Converge,2013,0,0
Converge,2014,0,0
Cool,2007,0,0
Cool,2008,0,0
Cool,2009,0,0
Cool,2010,0,0
Cool,2011,0,0
Cool,2012,0,0
Cool,2013,0,0
Cool,2014,0,0
Coq,2007,0,0
Coq,2008,0,0
Coq,2009,0,5
Coq,2010,0,7
Coq,2011,0,23
Coq,2012,3,81
Coq,2013,15,108
Coq,2014,22,152
Coral 66,2007,0,0
Coral 66,2008,0,0
Coral 66,2009,0,0
Coral 66,2010,0,0
Coral 66,2011,0,0
Coral 66,2012,0,0
Coral 66,2013,0,0
Coral 66,2014,0,0
Corn,2007,0,0
Corn,2008,0,0
Corn,2009,0,0
Corn,2010,0,0
Corn,2011,0,0
Corn,2012,0,0
Corn,2013,0,0
Corn,2014,0,0
CorVision,2007,0,0
CorVision,2008,0,0
CorVision,2009,0,0
CorVision,2010,0,0
CorVision,2011,0,0
CorVision,2012,0,0
CorVision,2013,0,0
CorVision,2014,0,0
COWSEL,2007,0,0
COWSEL,2008,0,0
COWSEL,2009,0,0
COWSEL,2010,0,0
COWSEL,2011,0,0
COWSEL,2012,0,0
COWSEL,2013,0,0
COWSEL,2014,0,0
CPL,2007,0,0
CPL,2008,0,1
CPL,2009,0,1
CPL,2010,1,2
CPL,2011,0,0
CPL,2012,2,2
CPL,2013,0,0
CPL,2014,4,4
csh,2007,0,0
csh,2008,0,5
csh,2009,0,27
csh,2010,1,59
csh,2011,1,53
csh,2012,10,89
csh,2013,42,148
csh,2014,62,123
CSP,2007,0,0
CSP,2008,0,0
CSP,2009,0,0
CSP,2010,0,0
CSP,2011,0,0
CSP,2012,0,0
CSP,2013,0,2
CSP,2014,14,26
Csound,2007,0,0
Csound,2008,0,0
Csound,2009,0,0
Csound,2010,0,0
Csound,2011,0,2
Csound,2012,1,1
Csound,2013,1,1
Csound,2014,5,9
CUDA,2007,0,0
CUDA,2008,0,18
CUDA,2009,1,67
CUDA,2010,0,344
CUDA,2011,25,1047
CUDA,2012,169,1882
CUDA,2013,299,2325
CUDA,2014,238,1470
Curl,2007,0,0
Curl,2008,0,41
Curl,2009,21,368
Curl,2010,143,1099
Curl,2011,362,2049
Curl,2012,751,2887
Curl,2013,1466,3684
Curl,2014,2559,4620
Curry,2007,0,0
Curry,2008,0,0
Curry,2009,0,0
Curry,2010,0,1
Curry,2011,2,8
Curry,2012,0,0
Curry,2013,0,1
Curry,2014,0,4
Cyclone,2007,0,0
Cyclone,2008,0,0
Cyclone,2009,0,0
Cyclone,2010,0,0
Cyclone,2011,0,0
Cyclone,2012,0,11
Cyclone,2013,1,1
Cyclone,2014,1,4
Cython,2007,0,0
Cython,2008,0,1
Cython,2009,0,12
Cython,2010,0,54
Cython,2011,18,148
Cython,2012,41,205
Cython,2013,75,306
Cython,2014,164,465
D,2007,0,0
D,2008,0,17
D,2009,1,72
D,2010,0,124
D,2011,1,301
D,2012,7,311
D,2013,8,320
D,2014,27,365
DASL,2007,0,0
DASL,2008,0,0
DASL,2009,0,0
DASL,2010,0,0
DASL,2011,0,0
DASL,2012,0,0
DASL,2013,0,0
DASL,2014,0,0
Dart,2007,0,0
Dart,2008,0,0
Dart,2009,0,0
Dart,2010,0,0
Dart,2011,0,29
Dart,2012,14,450
Dart,2013,182,1555
Dart,2014,473,2342
DataFlex,2007,0,0
DataFlex,2008,0,2
DataFlex,2009,1,1
DataFlex,2010,0,1
DataFlex,2011,0,0
DataFlex,2012,1,2
DataFlex,2013,0,0
DataFlex,2014,0,1
Datalog,2007,0,0
Datalog,2008,0,0
Datalog,2009,0,0
Datalog,2010,0,3
Datalog,2011,1,3
Datalog,2012,1,3
Datalog,2013,5,14
Datalog,2014,6,14
DATATRIEVE,2007,0,0
DATATRIEVE,2008,0,0
DATATRIEVE,2009,0,0
DATATRIEVE,2010,0,0
DATATRIEVE,2011,0,0
DATATRIEVE,2012,0,0
DATATRIEVE,2013,0,0
DATATRIEVE,2014,0,0
dBase,2007,0,0
dBase,2008,1,4
dBase,2009,0,12
dBase,2010,6,26
dBase,2011,6,25
dBase,2012,9,29
dBase,2013,16,40
dBase,2014,16,28
dc,2007,0,0
dc,2008,0,0
dc,2009,0,0
dc,2010,0,1
dc,2011,0,4
dc,2012,0,2
dc,2013,0,3
dc,2014,6,13
DCL,2007,0,0
DCL,2008,0,0
DCL,2009,0,0
DCL,2010,0,2
DCL,2011,0,1
DCL,2012,0,5
DCL,2013,1,10
DCL,2014,0,7
Deesel,2007,0,0
Deesel,2008,0,0
Deesel,2009,0,0
Deesel,2010,0,0
Deesel,2011,0,0
Deesel,2012,0,0
Deesel,2013,0,0
Deesel,2014,0,0
Delphi,2007,0,0
Delphi,2008,3,519
Delphi,2009,68,2679
Delphi,2010,162,3843
Delphi,2011,319,5326
Delphi,2012,600,5300
Delphi,2013,977,5467
Delphi,2014,1303,4507
DCL,2007,0,0
DCL,2008,0,0
DCL,2009,0,0
DCL,2010,0,2
DCL,2011,0,1
DCL,2012,0,5
DCL,2013,1,10
DCL,2014,0,7
DinkC,2007,0,0
DinkC,2008,0,0
DinkC,2009,0,0
DinkC,2010,0,0
DinkC,2011,0,0
DinkC,2012,0,0
DinkC,2013,0,0
DinkC,2014,0,0
DIBOL,2007,0,0
DIBOL,2008,0,0
DIBOL,2009,0,0
DIBOL,2010,0,0
DIBOL,2011,0,0
DIBOL,2012,0,0
DIBOL,2013,0,0
DIBOL,2014,0,0
Dog,2007,0,0
Dog,2008,0,0
Dog,2009,0,0
Dog,2010,0,0
Dog,2011,0,0
Dog,2012,0,1
Dog,2013,0,0
Dog,2014,0,0
Draco,2007,0,0
Draco,2008,0,0
Draco,2009,0,0
Draco,2010,0,0
Draco,2011,0,0
Draco,2012,0,0
Draco,2013,0,0
Draco,2014,0,0
DRAKON,2007,0,0
DRAKON,2008,0,0
DRAKON,2009,0,0
DRAKON,2010,0,0
DRAKON,2011,0,0
DRAKON,2012,0,0
DRAKON,2013,0,0
DRAKON,2014,0,0
Dylan,2007,0,0
Dylan,2008,0,0
Dylan,2009,0,0
Dylan,2010,0,0
Dylan,2011,0,2
Dylan,2012,0,3
Dylan,2013,0,3
Dylan,2014,2,3
DYNAMO,2007,0,0
DYNAMO,2008,0,0
DYNAMO,2009,0,0
DYNAMO,2010,0,0
DYNAMO,2011,0,0
DYNAMO,2012,0,0
DYNAMO,2013,0,0
DYNAMO,2014,0,0
E,2007,0,0
E,2008,0,0
E,2009,0,0
E,2010,0,0
E,2011,0,0
E,2012,0,0
E,2013,0,0
E,2014,0,24
E#,2007,0,0
E#,2008,0,0
E#,2009,0,0
E#,2010,0,0
E#,2011,0,0
E#,2012,0,0
E#,2013,0,0
E#,2014,0,0
Ease,2007,0,0
Ease,2008,0,0
Ease,2009,0,0
Ease,2010,0,0
Ease,2011,0,0
Ease,2012,0,0
Ease,2013,0,0
Ease,2014,0,0
Easy PL/I,2007,0,0
Easy PL/I,2008,0,0
Easy PL/I,2009,0,0
Easy PL/I,2010,0,0
Easy PL/I,2011,0,0
Easy PL/I,2012,0,0
Easy PL/I,2013,0,0
Easy PL/I,2014,0,0
Easy Programming Language,2007,0,0
Easy Programming Language,2008,0,0
Easy Programming Language,2009,0,0
Easy Programming Language,2010,0,0
Easy Programming Language,2011,0,0
Easy Programming Language,2012,0,0
Easy Programming Language,2013,0,0
Easy Programming Language,2014,0,0
EASYTRIEVE PLUS,2007,0,0
EASYTRIEVE PLUS,2008,0,0
EASYTRIEVE PLUS,2009,0,0
EASYTRIEVE PLUS,2010,0,0
EASYTRIEVE PLUS,2011,0,0
EASYTRIEVE PLUS,2012,0,0
EASYTRIEVE PLUS,2013,0,0
EASYTRIEVE PLUS,2014,0,0
ECMAScript,2007,0,0
ECMAScript,2008,13,2674
Edinburgh IMP,2007,0,0
Edinburgh IMP,2008,0,0
Edinburgh IMP,2009,0,0
Edinburgh IMP,2010,0,0
Edinburgh IMP,2011,0,0
Edinburgh IMP,2012,0,0
Edinburgh IMP,2013,0,0
Edinburgh IMP,2014,0,0
EGL,2007,0,0
EGL,2008,0,0
EGL,2009,0,0
EGL,2010,0,1
EGL,2011,1,9
EGL,2012,7,21
EGL,2013,21,42
EGL,2014,25,46
Eiffel,2007,0,0
Eiffel,2008,0,0
Eiffel,2009,0,3
Eiffel,2010,0,7
Eiffel,2011,0,13
Eiffel,2012,1,8
Eiffel,2013,0,5
Eiffel,2014,4,14
ELAN,2007,0,0
ELAN,2008,0,0
ELAN,2009,0,0
ELAN,2010,0,0
ELAN,2011,0,0
ELAN,2012,0,0
ELAN,2013,0,0
ELAN,2014,0,0
Elixir,2007,0,0
Elixir,2008,0,0
Elixir,2009,0,0
Elixir,2010,0,0
Elixir,2011,0,0
Elixir,2012,0,2
Elixir,2013,2,47
Elixir,2014,8,192
Elm,2007,0,0
Elm,2008,0,0
Elm,2009,0,0
Elm,2010,0,0
Elm,2011,0,0
Elm,2012,0,1
Elm,2013,1,16
Elm,2014,3,48
Emacs Lisp,2007,0,0
Emacs Lisp,2008,0,0
Emacs Lisp,2009,0,0
Emacs Lisp,2010,0,0
Emacs Lisp,2011,0,0
Emacs Lisp,2012,0,0
Emacs Lisp,2013,0,0
Emacs Lisp,2014,0,0
Emerald,2007,0,0
Emerald,2008,0,0
Emerald,2009,0,0
Emerald,2010,0,0
Emerald,2011,0,0
Emerald,2012,0,0
Emerald,2013,0,0
Emerald,2014,0,0
Epigram,2007,0,0
Epigram,2008,0,0
Epigram,2009,0,0
Epigram,2010,0,0
Epigram,2011,0,0
Epigram,2012,0,0
Epigram,2013,0,0
Epigram,2014,0,0
EPL,2007,0,0
EPL,2008,0,0
EPL,2009,0,1
EPL,2010,0,4
EPL,2011,0,7
EPL,2012,4,11
EPL,2013,6,12
EPL,2014,11,15
Erlang,2007,0,0
Erlang,2008,0,47
Erlang,2009,5,394
Erlang,2010,23,613
Erlang,2011,45,875
Erlang,2012,90,965
Erlang,2013,159,992
Erlang,2014,195,985
es,2007,0,0
es,2008,0,0
es,2009,0,0
es,2010,0,0
es,2011,0,0
es,2012,0,0
es,2013,0,0
es,2014,0,0
Escapade,2007,0,0
Escapade,2008,0,0
Escapade,2009,0,0
Escapade,2010,0,0
Escapade,2011,0,0
Escapade,2012,0,0
Escapade,2013,0,0
Escapade,2014,0,0
Escher,2007,0,0
Escher,2008,0,0
Escher,2009,0,0
Escher,2010,0,0
Escher,2011,0,0
Escher,2012,0,0
Escher,2013,0,0
Escher,2014,0,0
ESPOL,2007,0,0
ESPOL,2008,0,0
ESPOL,2009,0,0
ESPOL,2010,0,0
ESPOL,2011,0,0
ESPOL,2012,0,0
ESPOL,2013,0,0
ESPOL,2014,0,0
Esterel,2007,0,0
Esterel,2008,0,0
Esterel,2009,0,0
Esterel,2010,0,0
Esterel,2011,0,0
Esterel,2012,0,0
Esterel,2013,0,0
Esterel,2014,0,0
Etoys,2007,0,0
Etoys,2008,0,0
Etoys,2009,0,0
Etoys,2010,0,0
Etoys,2011,0,0
Etoys,2012,0,0
Etoys,2013,0,0
Etoys,2014,0,0
Euclid,2007,0,0
Euclid,2008,0,0
Euclid,2009,0,0
Euclid,2010,0,0
Euclid,2011,0,0
Euclid,2012,0,0
Euclid,2013,0,0
Euclid,2014,0,0
Euler,2007,0,0
Euler,2008,0,0
Euler,2009,0,0
Euler,2010,0,0
Euler,2011,0,0
Euler,2012,0,0
Euler,2013,0,0
Euler,2014,0,0
Euphoria,2007,0,0
Euphoria,2008,0,0
Euphoria,2009,0,0
Euphoria,2010,0,0
Euphoria,2011,0,0
Euphoria,2012,0,0
Euphoria,2013,0,0
Euphoria,2014,0,0
EusLisp Robot,2007,0,0
EusLisp Robot,2008,0,0
EusLisp Robot,2009,0,0
EusLisp Robot,2010,0,0
EusLisp Robot,2011,0,0
EusLisp Robot,2012,0,0
EusLisp Robot,2013,0,0
EusLisp Robot,2014,0,0
CMS EXEC,2007,0,0
CMS EXEC,2008,0,0
CMS EXEC,2009,0,0
CMS EXEC,2010,0,0
CMS EXEC,2011,0,0
CMS EXEC,2012,0,0
CMS EXEC,2013,0,0
CMS EXEC,2014,0,0
EXEC 2,2007,0,0
EXEC 2,2008,0,0
EXEC 2,2009,0,0
EXEC 2,2010,0,0
EXEC 2,2011,0,0
EXEC 2,2012,0,0
EXEC 2,2013,0,0
EXEC 2,2014,0,0
Executable UML,2007,0,0
Executable UML,2008,0,0
Executable UML,2009,0,0
Executable UML,2010,0,0
Executable UML,2011,0,0
Executable UML,2012,0,0
Executable UML,2013,0,0
Executable UML,2014,0,0
F,2007,0,0
F,2008,0,0
F,2009,0,0
F,2010,0,0
F,2011,0,0
F,2012,0,0
F,2013,0,0
F,2014,0,0
F#,2007,0,0
F#,2008,0,100
F#,2009,0,509
F#,2010,4,1027
F#,2011,21,1292
F#,2012,40,1201
F#,2013,81,1309
F#,2014,173,1457
Factor,2007,0,0
Factor,2008,0,0
Factor,2009,0,0
Factor,2010,0,0
Factor,2011,0,0
Factor,2012,0,0
Factor,2013,0,0
Factor,2014,0,0
Falcon,2007,0,0
Falcon,2008,0,0
Falcon,2009,0,4
Falcon,2010,0,0
Falcon,2011,0,0
Falcon,2012,0,0
Falcon,2013,1,2
Falcon,2014,6,7
Fancy,2007,0,0
Fancy,2008,0,0
Fancy,2009,0,0
Fancy,2010,0,0
Fancy,2011,0,0
Fancy,2012,0,0
Fancy,2013,0,0
Fancy,2014,0,0
Fantom,2007,0,0
Fantom,2008,0,1
Fantom,2009,1,1
Fantom,2010,0,1
Fantom,2011,0,2
Fantom,2012,0,0
Fantom,2013,1,8
Fantom,2014,1,14
FAUST,2007,0,0
FAUST,2008,0,0
FAUST,2009,0,0
FAUST,2010,0,0
FAUST,2011,0,0
FAUST,2012,0,0
FAUST,2013,0,0
FAUST,2014,0,0
Felix,2007,0,0
Felix,2008,0,0
Felix,2009,0,0
Felix,2010,0,0
Felix,2011,0,0
Felix,2012,0,0
Felix,2013,0,0
Felix,2014,0,0
Ferite,2007,0,0
Ferite,2008,0,0
Ferite,2009,0,0
Ferite,2010,0,0
Ferite,2011,0,0
Ferite,2012,0,0
Ferite,2013,0,0
Ferite,2014,0,0
FFP,2007,0,0
FFP,2008,0,0
FFP,2009,0,0
FFP,2010,0,0
FFP,2011,0,0
FFP,2012,0,0
FFP,2013,0,0
FFP,2014,0,0
FL,2007,0,0
FL,2008,0,0
FL,2009,0,0
FL,2010,0,0
FL,2011,0,0
FL,2012,0,0
FL,2013,0,0
FL,2014,0,0
Flavors,2007,0,0
Flavors,2008,0,0
Flavors,2009,0,0
Flavors,2010,0,0
Flavors,2011,0,0
Flavors,2012,0,0
Flavors,2013,0,0
Flavors,2014,0,0
Flex,2007,0,0
Flex,2008,7,457
Flex,2009,395,3208
Flex,2010,976,5078
Flex,2011,1323,5934
Flex,2012,1309,3909
Flex,2013,1111,2433
Flex,2014,684,1138
FLOW-MATIC,2007,0,0
FLOW-MATIC,2008,0,0
FLOW-MATIC,2009,0,0
FLOW-MATIC,2010,0,0
FLOW-MATIC,2011,0,0
FLOW-MATIC,2012,0,0
FLOW-MATIC,2013,0,0
FLOW-MATIC,2014,0,0
FOCAL,2007,0,0
FOCAL,2008,0,0
FOCAL,2009,0,0
FOCAL,2010,0,0
FOCAL,2011,0,0
FOCAL,2012,0,0
FOCAL,2013,0,0
FOCAL,2014,0,0
FOCUS,2007,0,0
FOCUS,2008,0,35
FOCUS,2009,23,265
FOCUS,2010,92,481
FOCUS,2011,132,757
FOCUS,2012,226,858
FOCUS,2013,337,907
FOCUS,2014,403,754
FOIL,2007,0,0
FOIL,2008,0,0
FOIL,2009,0,0
FOIL,2010,0,0
FOIL,2011,0,0
FOIL,2012,0,0
FOIL,2013,0,0
FOIL,2014,0,0
FORMAC,2007,0,0
FORMAC,2008,0,0
FORMAC,2009,0,0
FORMAC,2010,0,0
FORMAC,2011,0,0
FORMAC,2012,0,0
FORMAC,2013,0,0
FORMAC,2014,0,0
@Formula,2007,0,0
@Formula,2008,0,5
@Formula,2009,5,54
@Formula,2010,10,114
@Formula,2011,19,149
@Formula,2012,46,278
@Formula,2013,119,413
@Formula,2014,190,469
Forth,2007,0,0
Forth,2008,0,1
Forth,2009,0,6
Forth,2010,0,13
Forth,2011,1,11
Forth,2012,0,10
Forth,2013,4,31
Forth,2014,9,29
Fortran,2007,0,0
Fortran,2008,0,16
Fortran,2009,5,131
Fortran,2010,16,232
Fortran,2011,33,448
Fortran,2012,113,741
Fortran,2013,222,1068
Fortran,2014,310,1162
Fortress,2007,0,0
Fortress,2008,0,0
Fortress,2009,0,0
Fortress,2010,0,2
Fortress,2011,0,0
Fortress,2012,0,0
Fortress,2013,0,1
Fortress,2014,1,1
FoxBase,2007,0,0
FoxBase,2008,0,0
FoxBase,2009,0,0
FoxBase,2010,0,0
FoxBase,2011,0,0
FoxBase,2012,0,0
FoxBase,2013,0,0
FoxBase,2014,0,0
FoxPro,2007,0,0
FoxPro,2008,0,13
FoxPro,2009,1,51
FoxPro,2010,5,78
FoxPro,2011,12,67
FoxPro,2012,25,112
FoxPro,2013,28,111
FoxPro,2014,33,84
FP,2007,0,0
FP,2008,0,0
FP,2009,0,0
FP,2010,0,0
FP,2011,0,0
FP,2012,0,0
FP,2013,0,0
FP,2014,0,0
FPr,2007,0,0
FPr,2008,0,0
FPr,2009,0,0
FPr,2010,0,0
FPr,2011,0,0
FPr,2012,0,0
FPr,2013,0,0
FPr,2014,0,0
Franz Lisp,2007,0,0
Franz Lisp,2008,0,0
Franz Lisp,2009,0,0
Franz Lisp,2010,0,0
Franz Lisp,2011,0,0
Franz Lisp,2012,0,0
Franz Lisp,2013,0,0
Franz Lisp,2014,0,0
F-Script,2007,0,0
F-Script,2008,0,0
F-Script,2009,0,1
F-Script,2010,0,3
F-Script,2011,0,2
F-Script,2012,0,0
F-Script,2013,0,0
F-Script,2014,0,2
FSProg,2007,0,0
FSProg,2008,0,0
FSProg,2009,0,0
FSProg,2010,0,0
FSProg,2011,0,0
FSProg,2012,0,0
FSProg,2013,0,0
FSProg,2014,0,0
G,2007,0,0
G,2008,0,0
G,2009,0,0
G,2010,0,0
G,2011,0,0
G,2012,0,0
G,2013,0,0
G,2014,0,0
Google Apps Script,2007,0,0
Google Apps Script,2008,0,0
Google Apps Script,2009,0,0
Google Apps Script,2010,0,0
Google Apps Script,2011,0,0
Google Apps Script,2012,0,0
Google Apps Script,2013,0,0
Google Apps Script,2014,0,0
Game Maker Language,2007,0,0
Game Maker Language,2008,0,0
Game Maker Language,2009,0,0
Game Maker Language,2010,0,0
Game Maker Language,2011,0,0
Game Maker Language,2012,0,0
Game Maker Language,2013,0,0
Game Maker Language,2014,0,0
GameMonkey Script,2007,0,0
GameMonkey Script,2008,0,0
GameMonkey Script,2009,0,0
GameMonkey Script,2010,0,0
GameMonkey Script,2011,0,0
GameMonkey Script,2012,0,0
GameMonkey Script,2013,0,0
GameMonkey Script,2014,0,0
GAMS,2007,0,0
GAMS,2008,0,0
GAMS,2009,0,0
GAMS,2010,0,0
GAMS,2011,0,0
GAMS,2012,0,0
GAMS,2013,0,0
GAMS,2014,0,0
GAP,2007,0,0
GAP,2008,0,0
GAP,2009,0,0
GAP,2010,0,0
GAP,2011,0,0
GAP,2012,0,0
GAP,2013,0,0
GAP,2014,0,0
G-code,2007,0,0
G-code,2008,0,0
G-code,2009,0,0
G-code,2010,0,0
G-code,2011,1,1
G-code,2012,1,5
G-code,2013,1,4
G-code,2014,4,6
Genie,2007,0,0
Genie,2008,0,0
Genie,2009,0,0
Genie,2010,0,1
Genie,2011,0,5
Genie,2012,1,3
Genie,2013,2,3
Genie,2014,4,6
GDL,2007,0,0
GDL,2008,0,0
GDL,2009,0,0
GDL,2010,0,0
GDL,2011,0,0
GDL,2012,0,0
GDL,2013,0,0
GDL,2014,0,0
Gibiane,2007,0,0
Gibiane,2008,0,0
Gibiane,2009,0,0
Gibiane,2010,0,0
Gibiane,2011,0,0
Gibiane,2012,0,0
Gibiane,2013,0,0
Gibiane,2014,0,0
GJ,2007,0,0
GJ,2008,0,0
GJ,2009,0,0
GJ,2010,0,0
GJ,2011,0,0
GJ,2012,0,0
GJ,2013,0,0
GJ,2014,0,0
GEORGE,2007,0,0
GEORGE,2008,0,0
GEORGE,2009,0,0
GEORGE,2010,0,0
GEORGE,2011,0,0
GEORGE,2012,0,0
GEORGE,2013,0,0
GEORGE,2014,0,0
GLSL,2007,0,0
GLSL,2008,0,2
GLSL,2009,0,35
GLSL,2010,8,126
GLSL,2011,34,390
GLSL,2012,82,649
GLSL,2013,209,859
GLSL,2014,364,932
GNU E,2007,0,0
GNU E,2008,0,0
GNU E,2009,0,0
GNU E,2010,0,0
GNU E,2011,0,0
GNU E,2012,0,0
GNU E,2013,0,0
GNU E,2014,0,0
GM,2007,0,0
GM,2008,0,0
GM,2009,0,0
GM,2010,0,0
GM,2011,0,0
GM,2012,0,0
GM,2013,0,0
GM,2014,0,0
Go,2007,0,0
Go,2008,0,0
Go,2009,0,78
Go,2010,0,149
Go,2011,0,355
Go,2012,6,921
Go,2013,101,2071
Go,2014,412,3493
Go!,2007,0,0
Go!,2008,0,0
Go!,2009,0,78
Go!,2010,0,149
Go!,2011,0,355
Go!,2012,6,921
Go!,2013,101,2071
Go!,2014,412,3493
GOAL,2007,0,0
GOAL,2008,0,0
GOAL,2009,0,0
GOAL,2010,0,3
GOAL,2011,3,10
GOAL,2012,3,12
GOAL,2013,0,7
GOAL,2014,9,13
Godiva,2007,0,0
Godiva,2008,0,0
Godiva,2009,0,0
Godiva,2010,0,0
Godiva,2011,0,0
Godiva,2012,0,0
Godiva,2013,0,0
Godiva,2014,0,0
GOM,2007,0,0
GOM,2008,0,0
GOM,2009,0,0
GOM,2010,0,0
GOM,2011,0,0
GOM,2012,0,0
GOM,2013,0,0
GOM,2014,0,0
Goo,2007,0,0
Goo,2008,0,0
Goo,2009,0,0
Goo,2010,0,0
Goo,2011,0,0
Goo,2012,0,0
Goo,2013,0,0
Goo,2014,0,0
Gosu,2007,0,0
Gosu,2008,0,0
Gosu,2009,0,0
Gosu,2010,0,2
Gosu,2011,0,1
Gosu,2012,0,1
Gosu,2013,0,1
Gosu,2014,2,6
GOTRAN,2007,0,0
GOTRAN,2008,0,0
GOTRAN,2009,0,0
GOTRAN,2010,0,0
GOTRAN,2011,0,0
GOTRAN,2012,0,0
GOTRAN,2013,0,0
GOTRAN,2014,0,0
GPSS,2007,0,0
GPSS,2008,0,0
GPSS,2009,0,0
GPSS,2010,0,0
GPSS,2011,0,0
GPSS,2012,0,0
GPSS,2013,0,0
GPSS,2014,0,0
GraphTalk,2007,0,0
GraphTalk,2008,0,0
GraphTalk,2009,0,0
GraphTalk,2010,0,0
GraphTalk,2011,0,0
GraphTalk,2012,0,0
GraphTalk,2013,0,0
GraphTalk,2014,0,0
GRASS,2007,0,0
GRASS,2008,0,0
GRASS,2009,0,0
GRASS,2010,0,0
GRASS,2011,0,0
GRASS,2012,0,0
GRASS,2013,0,0
GRASS,2014,6,9
Groovy,2007,0,0
Groovy,2008,0,91
Groovy,2009,28,468
Groovy,2010,65,888
Groovy,2011,161,1772
Groovy,2012,263,1911
Groovy,2013,479,2095
Groovy,2014,1030,2911
Hack,2007,0,0
Hack,2008,0,0
Hack,2009,0,0
Hack,2010,0,0
Hack,2011,0,0
Hack,2012,0,0
Hack,2013,0,0
Hack,2014,0,0
HAL/S,2007,0,0
HAL/S,2008,0,0
HAL/S,2009,0,0
HAL/S,2010,0,0
HAL/S,2011,0,0
HAL/S,2012,0,0
HAL/S,2013,0,0
HAL/S,2014,0,0
Hamilton C shell,2007,0,0
Hamilton C shell,2008,0,0
Hamilton C shell,2009,0,0
Hamilton C shell,2010,0,0
Hamilton C shell,2011,0,0
Hamilton C shell,2012,0,0
Hamilton C shell,2013,0,0
Hamilton C shell,2014,0,0
Harbour,2007,0,0
Harbour,2008,0,0
Harbour,2009,0,0
Harbour,2010,0,0
Harbour,2011,0,0
Harbour,2012,0,0
Harbour,2013,0,0
Harbour,2014,0,0
Hartmann pipelines,2007,0,0
Hartmann pipelines,2008,0,0
Hartmann pipelines,2009,0,0
Hartmann pipelines,2010,0,0
Hartmann pipelines,2011,0,0
Hartmann pipelines,2012,0,0
Hartmann pipelines,2013,0,0
Hartmann pipelines,2014,0,0
Haskell,2007,0,0
Haskell,2008,0,75
Haskell,2009,1,507
Haskell,2010,0,1337
Haskell,2011,15,3098
Haskell,2012,73,4142
Haskell,2013,273,4601
Haskell,2014,700,5407
Haxe,2007,0,0
Haxe,2008,0,6
Haxe,2009,0,28
Haxe,2010,1,34
Haxe,2011,3,40
Haxe,2012,11,123
Haxe,2013,27,168
Haxe,2014,77,229
High Level Assembly,2007,0,0
High Level Assembly,2008,0,0
High Level Assembly,2009,0,0
High Level Assembly,2010,0,0
High Level Assembly,2011,0,0
High Level Assembly,2012,0,0
High Level Assembly,2013,0,0
High Level Assembly,2014,0,0
HLSL,2007,0,0
HLSL,2008,0,2
HLSL,2009,0,32
HLSL,2010,4,61
HLSL,2011,9,106
HLSL,2012,42,163
HLSL,2013,62,195
HLSL,2014,72,161
Hop,2007,0,0
Hop,2008,0,0
Hop,2009,0,0
Hop,2010,0,0
Hop,2011,0,0
Hop,2012,0,0
Hop,2013,0,0
Hop,2014,0,0
Hope,2007,0,0
Hope,2008,0,0
Hope,2009,0,0
Hope,2010,0,0
Hope,2011,0,0
Hope,2012,0,0
Hope,2013,0,0
Hope,2014,0,0
Hugo,2007,0,0
Hugo,2008,0,0
Hugo,2009,0,0
Hugo,2010,0,0
Hugo,2011,0,0
Hugo,2012,0,0
Hugo,2013,0,0
Hugo,2014,0,2
Hume,2007,0,0
Hume,2008,0,0
Hume,2009,0,0
Hume,2010,0,0
Hume,2011,0,0
Hume,2012,0,0
Hume,2013,0,0
Hume,2014,0,0
HyperTalk,2007,0,0
HyperTalk,2008,0,0
HyperTalk,2009,0,2
HyperTalk,2010,0,0
HyperTalk,2011,0,0
HyperTalk,2012,0,0
HyperTalk,2013,0,1
HyperTalk,2014,0,1
IBM Basic assembly,2007,0,0
IBM Basic assembly,2008,0,0
IBM Basic assembly,2009,0,0
IBM Basic assembly,2010,0,0
IBM Basic assembly,2011,0,0
IBM Basic assembly,2012,0,0
IBM Basic assembly,2013,0,0
IBM Basic assembly,2014,0,0
IBM HAScript,2007,0,0
IBM HAScript,2008,0,0
IBM HAScript,2009,0,0
IBM HAScript,2010,0,0
IBM HAScript,2011,0,0
IBM HAScript,2012,0,0
IBM HAScript,2013,0,0
IBM HAScript,2014,0,0
IBM Informix-4GL,2007,0,0
IBM Informix-4GL,2008,0,0
IBM Informix-4GL,2009,0,0
IBM Informix-4GL,2010,0,0
IBM Informix-4GL,2011,0,0
IBM Informix-4GL,2012,0,0
IBM Informix-4GL,2013,0,0
IBM Informix-4GL,2014,0,0
IBM RPG,2007,0,0
IBM RPG,2008,0,0
IBM RPG,2009,0,0
IBM RPG,2010,0,0
IBM RPG,2011,0,0
IBM RPG,2012,0,0
IBM RPG,2013,0,0
IBM RPG,2014,0,0
ICI,2007,0,0
ICI,2008,0,0
ICI,2009,0,0
ICI,2010,0,0
ICI,2011,0,0
ICI,2012,0,0
ICI,2013,0,0
ICI,2014,0,0
Icon,2007,0,0
Icon,2008,0,65
Icon,2009,17,289
Icon,2010,45,472
Icon,2011,84,664
Icon,2012,177,905
Icon,2013,302,961
Icon,2014,517,1003
Id,2007,0,0
Id,2008,0,0
Id,2009,0,0
Id,2010,0,0
Id,2011,0,0
Id,2012,0,0
Id,2013,0,0
Id,2014,0,0
IDL,2007,0,0
IDL,2008,1,9
IDL,2009,1,25
IDL,2010,7,40
IDL,2011,9,51
IDL,2012,14,75
IDL,2013,17,56
IDL,2014,36,76
Idris,2007,0,0
Idris,2008,0,0
Idris,2009,0,0
Idris,2010,0,0
Idris,2011,0,0
Idris,2012,0,2
Idris,2013,0,7
Idris,2014,12,45
IMP,2007,0,0
IMP,2008,0,0
IMP,2009,0,0
IMP,2010,0,3
IMP,2011,1,8
IMP,2012,3,16
IMP,2013,4,11
IMP,2014,5,7
Inform,2007,0,0
Inform,2008,0,0
Inform,2009,0,0
Inform,2010,0,0
Inform,2011,0,0
Inform,2012,0,0
Inform,2013,0,0
Inform,2014,0,0
Io,2007,0,0
Io,2008,0,74
Io,2009,8,270
Io,2010,18,426
Io,2011,99,1226
Io,2012,224,1753
Io,2013,392,1972
Io,2014,622,1877
Ioke,2007,0,0
Ioke,2008,0,0
Ioke,2009,0,3
Ioke,2010,0,0
Ioke,2011,0,0
Ioke,2012,0,0
Ioke,2013,0,0
Ioke,2014,0,0
IPL,2007,0,0
IPL,2008,0,0
IPL,2009,0,1
IPL,2010,0,0
IPL,2011,0,0
IPL,2012,0,0
IPL,2013,0,0
IPL,2014,2,2
IPTSCRAE,2007,0,0
IPTSCRAE,2008,0,0
IPTSCRAE,2009,0,0
IPTSCRAE,2010,0,0
IPTSCRAE,2011,0,0
IPTSCRAE,2012,0,0
IPTSCRAE,2013,0,0
IPTSCRAE,2014,0,0
ISLISP,2007,0,0
ISLISP,2008,0,0
ISLISP,2009,0,0
ISLISP,2010,0,0
ISLISP,2011,0,0
ISLISP,2012,0,0
ISLISP,2013,0,0
ISLISP,2014,0,0
ISPF,2007,0,0
ISPF,2008,0,0
ISPF,2009,0,0
ISPF,2010,0,0
ISPF,2011,0,0
ISPF,2012,0,2
ISPF,2013,1,1
ISPF,2014,1,6
ISWIM,2007,0,0
ISWIM,2008,0,0
ISWIM,2009,0,0
ISWIM,2010,0,0
ISWIM,2011,0,0
ISWIM,2012,0,0
ISWIM,2013,0,0
ISWIM,2014,0,0
J,2007,0,0
J,2008,0,0
J,2009,0,9
J,2010,1,25
J,2011,0,20
J,2012,1,30
J,2013,0,46
J,2014,1,33
J#,2007,0,0
J#,2008,0,5
J#,2009,1,9
J#,2010,1,10
J#,2011,3,12
J#,2012,5,9
J#,2013,2,6
J#,2014,3,4
J++,2007,0,0
J++,2008,0,0
J++,2009,0,4
J++,2010,0,0
J++,2011,1,1
J++,2012,2,2
J++,2013,0,0
J++,2014,0,0
JADE,2007,0,0
JADE,2008,0,0
JADE,2009,0,1
JADE,2010,0,2
JADE,2011,9,133
JADE,2012,50,423
JADE,2013,167,711
JADE,2014,375,910
Jako,2007,0,0
Jako,2008,0,0
Jako,2009,0,0
Jako,2010,0,0
Jako,2011,0,0
Jako,2012,0,0
Jako,2013,0,0
Jako,2014,0,0
JAL,2007,0,0
JAL,2008,0,0
JAL,2009,0,0
JAL,2010,0,0
JAL,2011,0,0
JAL,2012,0,0
JAL,2013,0,0
JAL,2014,0,0
Janus,2007,0,0
Janus,2008,0,0
Janus,2009,0,1
Janus,2010,2,8
Janus,2011,0,12
Janus,2012,7,27
Janus,2013,5,13
Janus,2014,20,24
JASS,2007,0,0
JASS,2008,0,0
JASS,2009,0,0
JASS,2010,0,0
JASS,2011,0,0
JASS,2012,0,0
JASS,2013,0,0
JASS,2014,0,0
Java,2007,0,0
Java,2008,11,4317
Java,2009,830,23822
Java,2010,3964,54215
Java,2011,10586,97461
Java,2012,22492,139053
Java,2013,44998,177712
Java,2014,81692,202834
JavaScript,2007,0,0
JavaScript,2008,13,2674
JavaScript,2010,3782,42980
JavaScript,2011,10768,88126
JavaScript,2012,21781,130368
JavaScript,2013,47443,184652
JavaScript,2014,87906,224148
JCL,2007,0,0
JCL,2008,0,1
JCL,2009,0,5
JCL,2010,0,13
JCL,2011,1,26
JCL,2012,1,29
JCL,2013,4,28
JCL,2014,8,45
JEAN,2007,0,0
JEAN,2008,0,0
JEAN,2009,0,0
JEAN,2010,0,0
JEAN,2011,0,0
JEAN,2012,0,0
JEAN,2013,0,0
JEAN,2014,0,0
Join Java,2007,0,0
Join Java,2008,0,0
Join Java,2009,0,0
Join Java,2010,0,0
Join Java,2011,0,0
Join Java,2012,0,0
Join Java,2013,0,0
Join Java,2014,0,0
JOSS,2007,0,0
JOSS,2008,0,0
JOSS,2009,0,0
JOSS,2010,0,0
JOSS,2011,0,0
JOSS,2012,0,0
JOSS,2013,0,0
JOSS,2014,0,0
Joule,2007,0,0
Joule,2008,0,0
Joule,2009,0,0
Joule,2010,0,0
Joule,2011,0,0
Joule,2012,0,0
Joule,2013,0,0
Joule,2014,0,0
JOVIAL,2007,0,0
JOVIAL,2008,0,0
JOVIAL,2009,0,0
JOVIAL,2010,0,0
JOVIAL,2011,0,0
JOVIAL,2012,0,0
JOVIAL,2013,0,0
JOVIAL,2014,0,0
Joy,2007,0,0
Joy,2008,0,0
Joy,2009,0,0
Joy,2010,0,0
Joy,2011,0,0
Joy,2012,0,0
Joy,2013,0,0
Joy,2014,0,0
JScript,2007,0,0
JScript,2008,0,2
JScript,2009,1,10
JScript,2010,1,17
JScript,2011,0,27
JScript,2012,29,122
JScript,2013,59,176
JScript,2014,89,185
JScript .NET,2007,0,0
JScript .NET,2008,0,2
JScript .NET,2009,1,9
JScript .NET,2010,0,9
JScript .NET,2011,3,11
JScript .NET,2012,2,12
JScript .NET,2013,2,8
JScript .NET,2014,10,16
JavaFX Script,2007,0,0
JavaFX Script,2008,0,0
JavaFX Script,2009,0,0
JavaFX Script,2010,0,0
JavaFX Script,2011,0,0
JavaFX Script,2012,0,0
JavaFX Script,2013,0,0
JavaFX Script,2014,0,0
Julia,2007,0,0
Julia,2008,0,0
Julia,2009,0,0
Julia,2010,0,0
Julia,2011,0,0
Julia,2012,0,0
Julia,2013,0,0
Julia,2014,2,3
Jython,2007,0,0
Jython,2008,1,39
Jython,2009,10,107
Jython,2010,19,163
Jython,2011,51,244
Jython,2012,82,302
Jython,2013,147,353
Jython,2014,188,339
K,2007,0,0
K,2008,0,0
K,2009,0,3
K,2010,0,2
K,2011,0,5
K,2012,0,3
K,2013,0,1
K,2014,1,3
Kaleidoscope,2007,0,0
Kaleidoscope,2008,0,0
Kaleidoscope,2009,0,0
Kaleidoscope,2010,0,0
Kaleidoscope,2011,0,0
Kaleidoscope,2012,0,0
Kaleidoscope,2013,1,2
Kaleidoscope,2014,1,4
Karel,2007,0,0
Karel,2008,0,0
Karel,2009,0,0
Karel,2010,0,0
Karel,2011,0,4
Karel,2012,2,6
Karel,2013,2,5
Karel,2014,0,2
Karel++,2007,0,0
Karel++,2008,0,0
Karel++,2009,0,0
Karel++,2010,0,0
Karel++,2011,0,0
Karel++,2012,0,0
Karel++,2013,0,0
Karel++,2014,0,0
KEE,2007,0,0
KEE,2008,0,0
KEE,2009,0,0
KEE,2010,0,0
KEE,2011,0,0
KEE,2012,0,0
KEE,2013,0,0
KEE,2014,0,0
Kixtart,2007,0,0
Kixtart,2008,0,0
Kixtart,2009,0,0
Kixtart,2010,0,0
Kixtart,2011,0,0
Kixtart,2012,0,0
Kixtart,2013,0,0
Kixtart,2014,0,0
KIF,2007,0,0
KIF,2008,0,0
KIF,2009,0,0
KIF,2010,0,0
KIF,2011,0,0
KIF,2012,0,1
KIF,2013,6,22
KIF,2014,20,35
Kojo,2007,0,0
Kojo,2008,0,0
Kojo,2009,0,0
Kojo,2010,0,0
Kojo,2011,0,0
Kojo,2012,0,0
Kojo,2013,0,0
Kojo,2014,0,0
Kotlin,2007,0,0
Kotlin,2008,0,0
Kotlin,2009,0,0
Kotlin,2010,0,0
Kotlin,2011,0,2
Kotlin,2012,0,12
Kotlin,2013,1,16
Kotlin,2014,10,63
KRC,2007,0,0
KRC,2008,0,0
KRC,2009,0,0
KRC,2010,0,0
KRC,2011,0,0
KRC,2012,0,0
KRC,2013,0,0
KRC,2014,0,0
KRL,2007,0,0
KRL,2008,0,0
KRL,2009,0,0
KRL,2010,0,34
KRL,2011,2,82
KRL,2012,2,5
KRL,2013,0,0
KRL,2014,0,0
KUKA,2007,0,0
KUKA,2008,0,0
KUKA,2009,0,0
KUKA,2010,0,0
KUKA,2011,0,0
KUKA,2012,0,0
KUKA,2013,0,0
KUKA,2014,0,0
KRYPTON,2007,0,0
KRYPTON,2008,0,0
KRYPTON,2009,0,1
KRYPTON,2010,0,1
KRYPTON,2011,0,2
KRYPTON,2012,0,0
KRYPTON,2013,0,1
KRYPTON,2014,4,7
ksh,2007,0,0
ksh,2008,0,25
ksh,2009,2,63
ksh,2010,6,116
ksh,2011,9,162
ksh,2012,20,192
ksh,2013,70,358
ksh,2014,79,337
L,2007,0,0
L,2008,0,0
L,2009,0,0
L,2010,0,0
L,2011,0,0
L,2012,0,0
L,2013,0,0
L,2014,0,0
L# .NET,2007,0,0
L# .NET,2008,0,0
L# .NET,2009,0,0
L# .NET,2010,0,0
L# .NET,2011,0,0
L# .NET,2012,0,0
L# .NET,2013,0,0
L# .NET,2014,0,0
LabVIEW,2007,0,0
LabVIEW,2008,0,14
LabVIEW,2009,1,19
LabVIEW,2010,3,37
LabVIEW,2011,0,48
LabVIEW,2012,10,77
LabVIEW,2013,22,110
LabVIEW,2014,42,109
Ladder,2007,0,0
Ladder,2008,0,0
Ladder,2009,0,0
Ladder,2010,0,0
Ladder,2011,0,0
Ladder,2012,0,0
Ladder,2013,0,0
Ladder,2014,0,0
Lagoona,2007,0,0
Lagoona,2008,0,0
Lagoona,2009,0,0
Lagoona,2010,0,0
Lagoona,2011,0,0
Lagoona,2012,0,0
Lagoona,2013,0,0
Lagoona,2014,0,0
LANSA,2007,0,0
LANSA,2008,0,0
LANSA,2009,0,0
LANSA,2010,0,0
LANSA,2011,0,0
LANSA,2012,0,0
LANSA,2013,0,0
LANSA,2014,0,1
Lasso,2007,0,0
Lasso,2008,0,1
Lasso,2009,1,2
Lasso,2010,0,1
Lasso,2011,0,1
Lasso,2012,1,5
Lasso,2013,6,21
Lasso,2014,17,26
LaTeX,2007,0,0
LaTeX,2008,0,34
LaTeX,2009,1,441
LaTeX,2010,50,1040
LaTeX,2011,43,413
LaTeX,2012,40,382
LaTeX,2013,117,502
LaTeX,2014,323,708
Lava,2007,0,0
Lava,2008,0,1
Lava,2009,1,1
Lava,2010,0,0
Lava,2011,1,1
Lava,2012,1,4
Lava,2013,1,2
Lava,2014,4,5
LC-3,2007,0,0
LC-3,2008,0,0
LC-3,2009,0,0
LC-3,2010,0,0
LC-3,2011,0,0
LC-3,2012,0,0
LC-3,2013,0,0
LC-3,2014,0,0
Leda,2007,0,0
Leda,2008,0,0
Leda,2009,0,0
Leda,2010,0,0
Leda,2011,0,0
Leda,2012,2,4
Leda,2013,4,5
Leda,2014,2,3
Legoscript,2007,0,0
Legoscript,2008,0,0
Legoscript,2009,0,0
Legoscript,2010,0,0
Legoscript,2011,0,0
Legoscript,2012,0,0
Legoscript,2013,0,0
Legoscript,2014,0,0
LIL,2007,0,0
LIL,2008,0,0
LIL,2009,0,0
LIL,2010,0,0
LIL,2011,0,0
LIL,2012,0,0
LIL,2013,0,0
LIL,2014,0,0
LilyPond,2007,0,0
LilyPond,2008,0,0
LilyPond,2009,0,2
LilyPond,2010,0,5
LilyPond,2011,1,6
LilyPond,2012,0,2
LilyPond,2013,1,18
LilyPond,2014,1,5
Limbo,2007,0,0
Limbo,2008,0,0
Limbo,2009,0,0
Limbo,2010,0,0
Limbo,2011,0,0
Limbo,2012,0,0
Limbo,2013,0,0
Limbo,2014,0,0
Limnor,2007,0,0
Limnor,2008,0,0
Limnor,2009,0,0
Limnor,2010,0,0
Limnor,2011,0,0
Limnor,2012,0,0
Limnor,2013,0,0
Limnor,2014,0,0
LINC,2007,0,0
LINC,2008,0,0
LINC,2009,0,0
LINC,2010,0,0
LINC,2011,0,0
LINC,2012,0,0
LINC,2013,0,0
LINC,2014,0,0
Lingo,2007,0,0
Lingo,2008,0,2
Lingo,2009,1,6
Lingo,2010,0,3
Lingo,2011,2,5
Lingo,2012,3,4
Lingo,2013,2,5
Lingo,2014,3,4
Linoleum,2007,0,0
Linoleum,2008,0,0
Linoleum,2009,0,0
Linoleum,2010,0,0
Linoleum,2011,0,0
Linoleum,2012,0,0
Linoleum,2013,0,0
Linoleum,2014,0,0
LIS,2007,0,0
LIS,2008,0,0
LIS,2009,0,0
LIS,2010,0,0
LIS,2011,0,1
LIS,2012,0,0
LIS,2013,2,8
LIS,2014,5,20
LISA,2007,0,0
LISA,2008,0,0
LISA,2009,0,0
LISA,2010,0,0
LISA,2011,0,0
LISA,2012,0,0
LISA,2013,0,0
LISA,2014,0,0
Lisaac,2007,0,0
Lisaac,2008,0,0
Lisaac,2009,0,0
Lisaac,2010,0,0
Lisaac,2011,0,0
Lisaac,2012,0,0
Lisaac,2013,0,0
Lisaac,2014,0,0
Lisp,2007,0,0
Lisp,2008,0,112
Lisp,2009,1,312
Lisp,2010,4,514
Lisp,2011,7,602
Lisp,2012,29,704
Lisp,2013,24,746
Lisp,2014,29,513
Lite-C,2007,0,0
Lite-C,2008,0,0
Lite-C,2009,0,0
Lite-C,2010,0,0
Lite-C,2011,0,0
Lite-C,2012,0,0
Lite-C,2013,0,0
Lite-C,2014,0,0
Lithe,2007,0,0
Lithe,2008,0,0
Lithe,2009,0,0
Lithe,2010,0,0
Lithe,2011,0,0
Lithe,2012,0,0
Lithe,2013,0,0
Lithe,2014,0,0
Little b,2007,0,0
Little b,2008,0,0
Little b,2009,0,0
Little b,2010,0,0
Little b,2011,0,0
Little b,2012,0,0
Little b,2013,0,0
Little b,2014,0,0
Logo,2007,0,0
Logo,2008,0,2
Logo,2009,0,6
Logo,2010,0,3
Logo,2011,1,7
Logo,2012,1,3
Logo,2013,1,5
Logo,2014,1,11
Logtalk,2007,0,0
Logtalk,2008,0,0
Logtalk,2009,0,0
Logtalk,2010,0,0
Logtalk,2011,0,2
Logtalk,2012,0,1
Logtalk,2013,0,3
Logtalk,2014,0,0
LPC,2007,0,0
LPC,2008,0,0
LPC,2009,0,1
LPC,2010,0,3
LPC,2011,1,4
LPC,2012,2,15
LPC,2013,14,31
LPC,2014,14,34
LSE,2007,0,0
LSE,2008,0,0
LSE,2009,0,0
LSE,2010,0,0
LSE,2011,0,0
LSE,2012,0,0
LSE,2013,0,0
LSE,2014,0,0
LSL,2007,0,0
LSL,2008,0,0
LSL,2009,0,0
LSL,2010,0,0
LSL,2011,0,0
LSL,2012,0,0
LSL,2013,0,0
LSL,2014,0,0
LiveCode,2007,0,0
LiveCode,2008,0,0
LiveCode,2009,0,0
LiveCode,2010,0,0
LiveCode,2011,0,2
LiveCode,2012,1,6
LiveCode,2013,33,158
LiveCode,2014,52,165
LiveScript,2007,0,0
LiveScript,2008,0,0
LiveScript,2009,0,0
LiveScript,2010,0,0
LiveScript,2011,0,0
LiveScript,2012,0,3
LiveScript,2013,1,14
LiveScript,2014,7,26
Lua,2007,0,0
Lua,2008,0,42
Lua,2009,2,233
Lua,2010,15,463
Lua,2011,57,909
Lua,2012,133,1244
Lua,2013,341,2031
Lua,2014,590,2067
Lucid,2007,0,0
Lucid,2008,0,0
Lucid,2009,0,0
Lucid,2010,0,0
Lucid,2011,0,0
Lucid,2012,0,0
Lucid,2013,0,0
Lucid,2014,0,0
Lustre,2007,0,0
Lustre,2008,0,0
Lustre,2009,0,0
Lustre,2010,0,0
Lustre,2011,0,0
Lustre,2012,0,0
Lustre,2013,0,0
Lustre,2014,1,1
LYaPAS,2007,0,0
LYaPAS,2008,0,0
LYaPAS,2009,0,0
LYaPAS,2010,0,0
LYaPAS,2011,0,0
LYaPAS,2012,0,0
LYaPAS,2013,0,0
LYaPAS,2014,0,0
Lynx,2007,0,0
Lynx,2008,0,0
Lynx,2009,0,6
Lynx,2010,1,5
Lynx,2011,1,9
Lynx,2012,3,15
Lynx,2013,6,21
Lynx,2014,14,20
M2001,2007,0,0
M2001,2008,0,0
M2001,2009,0,0
M2001,2010,0,0
M2001,2011,0,0
M2001,2012,0,0
M2001,2013,0,0
M2001,2014,0,0
M4,2007,0,0
M4,2008,0,1
M4,2009,1,8
M4,2010,2,9
M4,2011,2,15
M4,2012,1,11
M4,2013,8,29
M4,2014,8,19
Machine code,2007,0,0
Machine code,2008,0,0
Machine code,2009,0,0
Machine code,2010,0,0
Machine code,2011,0,0
Machine code,2012,0,0
Machine code,2013,0,0
Machine code,2014,0,0
MAD,2007,0,0
MAD,2008,0,0
MAD,2009,0,0
MAD,2010,0,0
MAD,2011,0,0
MAD,2012,0,0
MAD,2013,0,0
MAD,2014,0,0
MAD/I,2007,0,0
MAD/I,2008,0,0
MAD/I,2009,0,0
MAD/I,2010,0,0
MAD/I,2011,0,0
MAD/I,2012,0,0
MAD/I,2013,0,0
MAD/I,2014,0,0
Magik,2007,0,0
Magik,2008,0,0
Magik,2009,0,0
Magik,2010,0,0
Magik,2011,0,0
Magik,2012,0,0
Magik,2013,0,0
Magik,2014,0,0
Magma,2007,0,0
Magma,2008,0,0
Magma,2009,0,0
Magma,2010,0,0
Magma,2011,0,0
Magma,2012,0,0
Magma,2013,0,3
Magma,2014,6,10
make,2007,0,0
make,2008,0,50
make,2009,2,227
make,2010,17,413
make,2011,74,711
make,2012,159,1036
make,2013,294,1149
make,2014,429,1106
Maple,2007,0,0
Maple,2008,0,0
Maple,2009,0,2
Maple,2010,0,19
Maple,2011,5,37
Maple,2012,7,39
Maple,2013,15,74
Maple,2014,27,80
MAPPER,2007,0,0
MAPPER,2008,0,0
MAPPER,2009,0,1
MAPPER,2010,1,10
MAPPER,2011,2,37
MAPPER,2012,6,30
MAPPER,2013,32,81
MAPPER,2014,40,71
MARK-IV,2007,0,0
MARK-IV,2008,0,0
MARK-IV,2009,0,0
MARK-IV,2010,0,0
MARK-IV,2011,0,0
MARK-IV,2012,0,0
MARK-IV,2013,0,0
MARK-IV,2014,0,0
Mary,2007,0,0
Mary,2008,0,0
Mary,2009,0,0
Mary,2010,0,0
Mary,2011,0,0
Mary,2012,0,0
Mary,2013,0,0
Mary,2014,0,0
MASM Microsoft Assembly x86,2007,0,0
MASM Microsoft Assembly x86,2008,0,0
MASM Microsoft Assembly x86,2009,0,0
MASM Microsoft Assembly x86,2010,0,0
MASM Microsoft Assembly x86,2011,0,0
MASM Microsoft Assembly x86,2012,0,0
MASM Microsoft Assembly x86,2013,0,0
MASM Microsoft Assembly x86,2014,0,0
Mathematica,2007,0,0
Mathematica,2008,0,5
Mathematica,2009,0,72
Mathematica,2010,2,257
Mathematica,2011,21,1421
Mathematica,2012,64,506
Mathematica,2013,149,410
Mathematica,2014,152,323
MATLAB,2007,0,0
MATLAB,2008,1,58
MATLAB,2009,14,585
MATLAB,2010,105,1774
MATLAB,2011,361,3823
MATLAB,2012,1062,7040
MATLAB,2013,2498,11025
MATLAB,2014,5109,13690
Maxima,2007,0,0
Maxima,2008,0,0
Maxima,2009,0,2
Maxima,2010,0,5
Maxima,2011,1,17
Maxima,2012,6,27
Maxima,2013,16,52
Maxima,2014,4,62
Max,2007,0,0
Max,2008,0,10
Max,2009,6,95
Max,2010,7,169
Max,2011,33,334
Max,2012,55,547
Max,2013,147,784
Max,2014,208,748
MaxScript,2007,0,0
MaxScript,2008,0,1
MaxScript,2009,1,3
MaxScript,2010,2,9
MaxScript,2011,2,9
MaxScript,2012,1,16
MaxScript,2013,3,18
MaxScript,2014,13,37
Maya (MEL),2007,0,0
Maya (MEL),2008,0,0
Maya (MEL),2009,0,0
Maya (MEL),2010,0,0
Maya (MEL),2011,0,0
Maya (MEL),2012,0,0
Maya (MEL),2013,0,0
Maya (MEL),2014,0,0
MDL,2007,0,0
MDL,2008,0,0
MDL,2009,0,0
MDL,2010,0,0
MDL,2011,0,0
MDL,2012,0,0
MDL,2013,0,0
MDL,2014,0,0
Mercury,2007,0,0
Mercury,2008,0,0
Mercury,2009,0,0
Mercury,2010,0,4
Mercury,2011,0,5
Mercury,2012,0,5
Mercury,2013,0,2
Mercury,2014,4,10
Mesa,2007,0,0
Mesa,2008,0,0
Mesa,2009,0,0
Mesa,2010,2,5
Mesa,2011,1,12
Mesa,2012,4,19
Mesa,2013,6,22
Mesa,2014,12,21
Metacard,2007,0,0
Metacard,2008,0,0
Metacard,2009,0,0
Metacard,2010,0,0
Metacard,2011,0,0
Metacard,2012,0,0
Metacard,2013,0,0
Metacard,2014,0,0
Metafont,2007,0,0
Metafont,2008,0,0
Metafont,2009,0,0
Metafont,2010,0,0
Metafont,2011,0,0
Metafont,2012,0,0
Metafont,2013,0,0
Metafont,2014,0,0
MetaL,2007,0,0
MetaL,2008,0,0
MetaL,2009,0,0
MetaL,2010,0,0
MetaL,2011,0,0
MetaL,2012,0,0
MetaL,2013,0,0
MetaL,2014,3,18
Microcode,2007,0,0
Microcode,2008,0,0
Microcode,2009,0,0
Microcode,2010,0,0
Microcode,2011,0,0
Microcode,2012,0,0
Microcode,2013,0,0
Microcode,2014,0,0
MicroScript,2007,0,0
MicroScript,2008,0,0
MicroScript,2009,0,0
MicroScript,2010,0,0
MicroScript,2011,0,0
MicroScript,2012,0,0
MicroScript,2013,0,0
MicroScript,2014,0,0
MIIS,2007,0,0
MIIS,2008,0,0
MIIS,2009,0,0
MIIS,2010,0,0
MIIS,2011,0,0
MIIS,2012,0,0
MIIS,2013,0,0
MIIS,2014,0,0
MillScript,2007,0,0
MillScript,2008,0,0
MillScript,2009,0,0
MillScript,2010,0,0
MillScript,2011,0,0
MillScript,2012,0,0
MillScript,2013,0,0
MillScript,2014,0,0
MIMIC,2007,0,0
MIMIC,2008,0,0
MIMIC,2009,0,0
MIMIC,2010,0,0
MIMIC,2011,0,0
MIMIC,2012,0,0
MIMIC,2013,0,0
MIMIC,2014,0,0
Mirah,2007,0,0
Mirah,2008,0,0
Mirah,2009,0,0
Mirah,2010,0,2
Mirah,2011,0,8
Mirah,2012,0,3
Mirah,2013,0,1
Mirah,2014,1,1
Miranda,2007,0,0
Miranda,2008,0,0
Miranda,2009,0,0
Miranda,2010,0,0
Miranda,2011,0,4
Miranda,2012,0,3
Miranda,2013,1,1
Miranda,2014,0,2
MIVA Script,2007,0,0
MIVA Script,2008,0,0
MIVA Script,2009,0,0
MIVA Script,2010,0,0
MIVA Script,2011,0,0
MIVA Script,2012,0,0
MIVA Script,2013,0,0
MIVA Script,2014,0,0
ML,2007,0,0
ML,2008,0,3
ML,2009,0,8
ML,2010,2,20
ML,2011,3,47
ML,2012,4,55
ML,2013,13,121
ML,2014,31,89
Moby,2007,0,0
Moby,2008,0,0
Moby,2009,0,0
Moby,2010,0,0
Moby,2011,0,0
Moby,2012,0,0
Moby,2013,0,0
Moby,2014,0,0
Model 204,2007,0,0
Model 204,2008,0,0
Model 204,2009,0,0
Model 204,2010,0,0
Model 204,2011,0,0
Model 204,2012,0,0
Model 204,2013,0,0
Model 204,2014,0,0
Modelica,2007,0,0
Modelica,2008,0,0
Modelica,2009,0,0
Modelica,2010,0,2
Modelica,2011,0,15
Modelica,2012,0,31
Modelica,2013,6,60
Modelica,2014,19,83
Modula,2007,0,0
Modula,2008,0,0
Modula,2009,0,0
Modula,2010,0,0
Modula,2011,0,0
Modula,2012,0,0
Modula,2013,0,0
Modula,2014,0,0
Modula-2,2007,0,0
Modula-2,2008,0,0
Modula-2,2009,0,1
Modula-2,2010,1,4
Modula-2,2011,0,0
Modula-2,2012,0,1
Modula-2,2013,0,3
Modula-2,2014,0,0
Modula-3,2007,0,0
Modula-3,2008,0,0
Modula-3,2009,0,0
Modula-3,2010,0,1
Modula-3,2011,0,0
Modula-3,2012,0,0
Modula-3,2013,0,0
Modula-3,2014,0,0
Mohol,2007,0,0
Mohol,2008,0,0
Mohol,2009,0,0
Mohol,2010,0,0
Mohol,2011,0,0
Mohol,2012,0,0
Mohol,2013,0,0
Mohol,2014,0,0
MOO,2007,0,0
MOO,2008,0,0
MOO,2009,0,0
MOO,2010,0,0
MOO,2011,0,0
MOO,2012,0,2
MOO,2013,0,6
MOO,2014,1,5
Mortran,2007,0,0
Mortran,2008,0,0
Mortran,2009,0,0
Mortran,2010,0,0
Mortran,2011,0,0
Mortran,2012,0,0
Mortran,2013,0,0
Mortran,2014,0,0
Mouse,2007,0,0
Mouse,2008,0,45
Mouse,2009,12,219
Mouse,2010,31,322
Mouse,2011,77,426
Mouse,2012,133,521
Mouse,2013,204,545
Mouse,2014,290,497
MPD,2007,0,0
MPD,2008,0,0
MPD,2009,0,0
MPD,2010,0,0
MPD,2011,0,0
MPD,2012,0,0
MPD,2013,0,0
MPD,2014,8,16
MSIL,2007,0,0
MSIL,2008,0,21
MSIL,2009,2,65
MSIL,2010,0,92
MSIL,2011,3,88
MSIL,2012,5,96
MSIL,2013,3,80
MSIL,2014,7,44
MSL,2007,0,0
MSL,2008,0,0
MSL,2009,0,0
MSL,2010,0,0
MSL,2011,0,0
MSL,2012,0,0
MSL,2013,0,0
MSL,2014,0,0
MUMPS,2007,0,0
MUMPS,2008,0,0
MUMPS,2009,0,2
MUMPS,2010,0,3
MUMPS,2011,0,11
MUMPS,2012,0,5
MUMPS,2013,0,6
MUMPS,2014,2,9
NASM,2007,0,0
NASM,2008,0,4
NASM,2009,0,33
NASM,2010,4,82
NASM,2011,16,173
NASM,2012,34,273
NASM,2013,103,425
NASM,2014,120,365
NATURAL,2007,0,0
NATURAL,2008,0,0
NATURAL,2009,0,0
NATURAL,2010,0,0
NATURAL,2011,0,0
NATURAL,2012,0,0
NATURAL,2013,0,0
NATURAL,2014,0,0
Napier88,2007,0,0
Napier88,2008,0,0
Napier88,2009,0,0
Napier88,2010,0,0
Napier88,2011,0,0
Napier88,2012,0,0
Napier88,2013,0,0
Napier88,2014,0,0
Neko,2007,0,0
Neko,2008,0,1
Neko,2009,0,5
Neko,2010,1,2
Neko,2011,2,4
Neko,2012,0,3
Neko,2013,1,5
Neko,2014,4,12
Nemerle,2007,0,0
Nemerle,2008,0,4
Nemerle,2009,0,5
Nemerle,2010,0,18
Nemerle,2011,1,12
Nemerle,2012,0,6
Nemerle,2013,0,9
Nemerle,2014,1,2
nesC,2007,0,0
nesC,2008,0,0
nesC,2009,0,1
nesC,2010,1,2
nesC,2011,0,0
nesC,2012,1,5
nesC,2013,10,21
nesC,2014,7,11
NESL,2007,0,0
NESL,2008,0,0
NESL,2009,0,0
NESL,2010,0,0
NESL,2011,0,0
NESL,2012,0,0
NESL,2013,0,0
NESL,2014,0,0
Net.Data,2007,0,0
Net.Data,2008,0,0
Net.Data,2009,0,0
Net.Data,2010,0,0
Net.Data,2011,0,0
Net.Data,2012,0,0
Net.Data,2013,0,0
Net.Data,2014,0,0
NetLogo,2007,0,0
NetLogo,2008,0,0
NetLogo,2009,0,1
NetLogo,2010,1,24
NetLogo,2011,0,9
NetLogo,2012,3,34
NetLogo,2013,8,122
NetLogo,2014,80,506
NetRexx,2007,0,0
NetRexx,2008,0,0
NetRexx,2009,0,0
NetRexx,2010,0,1
NetRexx,2011,0,0
NetRexx,2012,0,0
NetRexx,2013,0,0
NetRexx,2014,0,0
NewLISP,2007,0,0
NewLISP,2008,0,0
NewLISP,2009,0,0
NewLISP,2010,0,2
NewLISP,2011,0,1
NewLISP,2012,0,5
NewLISP,2013,1,4
NewLISP,2014,0,2
NEWP,2007,0,0
NEWP,2008,0,0
NEWP,2009,0,0
NEWP,2010,0,0
NEWP,2011,0,0
NEWP,2012,0,0
NEWP,2013,0,0
NEWP,2014,0,0
Newspeak,2007,0,0
Newspeak,2008,0,0
Newspeak,2009,0,0
Newspeak,2010,0,3
Newspeak,2011,0,2
Newspeak,2012,0,1
Newspeak,2013,0,0
Newspeak,2014,0,0
NewtonScript,2007,0,0
NewtonScript,2008,0,0
NewtonScript,2009,0,1
NewtonScript,2010,0,0
NewtonScript,2011,0,0
NewtonScript,2012,0,0
NewtonScript,2013,0,2
NewtonScript,2014,1,1
NGL,2007,0,0
NGL,2008,0,0
NGL,2009,0,0
NGL,2010,0,0
NGL,2011,0,0
NGL,2012,0,0
NGL,2013,0,0
NGL,2014,0,0
Nial,2007,0,0
Nial,2008,0,0
Nial,2009,0,0
Nial,2010,0,0
Nial,2011,0,0
Nial,2012,0,0
Nial,2013,0,0
Nial,2014,0,0
Nice,2007,0,0
Nice,2008,1,5
Nice,2009,0,4
Nice,2010,0,3
Nice,2011,0,4
Nice,2012,1,11
Nice,2013,4,13
Nice,2014,4,16
Nickle,2007,0,0
Nickle,2008,0,0
Nickle,2009,0,0
Nickle,2010,0,0
Nickle,2011,0,0
Nickle,2012,0,0
Nickle,2013,0,0
Nickle,2014,0,0
NPL,2007,0,0
NPL,2008,0,0
NPL,2009,0,0
NPL,2010,0,0
NPL,2011,0,0
NPL,2012,0,0
NPL,2013,0,0
NPL,2014,0,0
Not eXactly C,2007,0,0
Not eXactly C,2008,0,0
Not eXactly C,2009,0,0
Not eXactly C,2010,0,0
Not eXactly C,2011,0,0
Not eXactly C,2012,0,0
Not eXactly C,2013,0,0
Not eXactly C,2014,0,0
Not Quite C,2007,0,0
Not Quite C,2008,0,0
Not Quite C,2009,0,0
Not Quite C,2010,0,0
Not Quite C,2011,0,0
Not Quite C,2012,0,0
Not Quite C,2013,0,0
Not Quite C,2014,0,0
NSIS,2007,0,0
NSIS,2008,0,14
NSIS,2009,5,76
NSIS,2010,15,139
NSIS,2011,25,214
NSIS,2012,45,367
NSIS,2013,88,335
NSIS,2014,80,224
Nu,2007,0,0
Nu,2008,0,0
Nu,2009,0,0
Nu,2010,0,0
Nu,2011,0,0
Nu,2012,0,0
Nu,2013,0,0
Nu,2014,0,0
NWScript,2007,0,0
NWScript,2008,0,0
NWScript,2009,0,0
NWScript,2010,0,0
NWScript,2011,0,0
NWScript,2012,0,0
NWScript,2013,0,0
NWScript,2014,0,0
NXT-G,2007,0,0
NXT-G,2008,0,0
NXT-G,2009,0,0
NXT-G,2010,0,0
NXT-G,2011,0,0
NXT-G,2012,0,0
NXT-G,2013,0,0
NXT-G,2014,0,0
o:XML,2007,0,0
o:XML,2008,0,0
o:XML,2009,0,0
o:XML,2010,0,0
o:XML,2011,0,0
o:XML,2012,0,0
o:XML,2013,0,0
o:XML,2014,0,0
Oak,2007,0,0
Oak,2008,0,0
Oak,2009,0,0
Oak,2010,0,0
Oak,2011,0,0
Oak,2012,0,0
Oak,2013,0,0
Oak,2014,0,0
Oberon,2007,0,0
Oberon,2008,0,0
Oberon,2009,0,0
Oberon,2010,0,1
Oberon,2011,0,4
Oberon,2012,0,1
Oberon,2013,0,2
Oberon,2014,1,1
Obix,2007,0,0
Obix,2008,0,0
Obix,2009,0,0
Obix,2010,0,0
Obix,2011,0,0
Obix,2012,0,0
Obix,2013,0,0
Obix,2014,0,0
OBJ2,2007,0,0
OBJ2,2008,0,0
OBJ2,2009,0,0
OBJ2,2010,0,0
OBJ2,2011,0,0
OBJ2,2012,0,0
OBJ2,2013,0,0
OBJ2,2014,0,0
Object Lisp,2007,0,0
Object Lisp,2008,0,0
Object Lisp,2009,0,0
Object Lisp,2010,0,0
Object Lisp,2011,0,0
Object Lisp,2012,0,0
Object Lisp,2013,0,0
Object Lisp,2014,0,0
ObjectLOGO,2007,0,0
ObjectLOGO,2008,0,0
ObjectLOGO,2009,0,0
ObjectLOGO,2010,0,0
ObjectLOGO,2011,0,0
ObjectLOGO,2012,0,0
ObjectLOGO,2013,0,0
ObjectLOGO,2014,0,0
Object REXX,2007,0,0
Object REXX,2008,0,0
Object REXX,2009,0,0
Object REXX,2010,0,0
Object REXX,2011,0,0
Object REXX,2012,0,0
Object REXX,2013,0,0
Object REXX,2014,0,0
Object Pascal,2007,0,0
Object Pascal,2008,0,0
Object Pascal,2009,0,0
Object Pascal,2010,0,0
Object Pascal,2011,0,0
Object Pascal,2012,0,0
Object Pascal,2013,0,0
Object Pascal,2014,0,0
Objective-C,2007,0,0
Objective-C,2008,0,384
Objective-C,2009,273,6200
Objective-C,2010,1687,17729
Objective-C,2011,4402,38023
Objective-C,2012,7636,44604
Objective-C,2013,10869,44287
Objective-C,2014,18953,45749
Objective-J,2007,0,0
Objective-J,2008,0,2
Objective-J,2009,0,8
Objective-J,2010,2,25
Objective-J,2011,2,20
Objective-J,2012,1,10
Objective-J,2013,3,7
Objective-J,2014,2,2
Obliq,2007,0,0
Obliq,2008,0,0
Obliq,2009,0,0
Obliq,2010,0,0
Obliq,2011,0,0
Obliq,2012,0,0
Obliq,2013,0,0
Obliq,2014,0,0
Obol,2007,0,0
Obol,2008,0,0
Obol,2009,0,0
Obol,2010,0,0
Obol,2011,0,0
Obol,2012,0,0
Obol,2013,0,0
Obol,2014,0,0
OCaml,2007,0,0
OCaml,2008,0,19
OCaml,2009,0,115
OCaml,2010,0,200
OCaml,2011,4,397
OCaml,2012,6,504
OCaml,2013,44,698
OCaml,2014,101,662
occam,2007,0,0
occam,2008,0,0
occam,2009,0,0
occam,2010,0,0
occam,2011,0,0
occam,2012,0,0
occam,2013,0,0
occam,2014,0,0
Octave,2007,0,0
Octave,2008,0,3
Octave,2009,3,32
Octave,2010,4,63
Octave,2011,23,168
Octave,2012,55,408
Octave,2013,107,420
Octave,2014,187,538
OmniMark,2007,0,0
OmniMark,2008,0,0
OmniMark,2009,0,0
OmniMark,2010,0,0
OmniMark,2011,0,0
OmniMark,2012,0,0
OmniMark,2013,0,0
OmniMark,2014,0,0
Onyx,2007,0,0
Onyx,2008,0,0
Onyx,2009,0,0
Onyx,2010,0,0
Onyx,2011,0,0
Onyx,2012,0,0
Onyx,2013,0,0
Onyx,2014,0,0
Opa,2007,0,0
Opa,2008,0,0
Opa,2009,0,0
Opa,2010,0,0
Opa,2011,8,73
Opa,2012,10,73
Opa,2013,3,17
Opa,2014,8,12
Opal,2007,0,0
Opal,2008,0,0
Opal,2009,0,0
Opal,2010,0,0
Opal,2011,0,0
Opal,2012,0,0
Opal,2013,0,1
Opal,2014,0,0
OpenCL,2007,0,0
OpenCL,2008,0,1
OpenCL,2009,0,25
OpenCL,2010,6,132
OpenCL,2011,28,314
OpenCL,2012,138,630
OpenCL,2013,197,715
OpenCL,2014,250,715
OpenEdge ABL,2007,0,0
OpenEdge ABL,2008,0,0
OpenEdge ABL,2009,0,0
OpenEdge ABL,2010,0,0
OpenEdge ABL,2011,0,0
OpenEdge ABL,2012,0,0
OpenEdge ABL,2013,0,0
OpenEdge ABL,2014,0,0
OPL,2007,0,0
OPL,2008,0,0
OPL,2009,0,0
OPL,2010,0,0
OPL,2011,0,0
OPL,2012,0,0
OPL,2013,1,1
OPL,2014,6,7
OPS5,2007,0,0
OPS5,2008,0,0
OPS5,2009,0,0
OPS5,2010,0,0
OPS5,2011,0,0
OPS5,2012,0,0
OPS5,2013,0,0
OPS5,2014,0,0
OptimJ,2007,0,0
OptimJ,2008,0,0
OptimJ,2009,0,0
OptimJ,2010,0,0
OptimJ,2011,0,0
OptimJ,2012,0,0
OptimJ,2013,0,0
OptimJ,2014,0,0
Orc,2007,0,0
Orc,2008,0,0
Orc,2009,0,0
Orc,2010,0,0
Orc,2011,0,0
Orc,2012,0,0
Orc,2013,0,0
Orc,2014,0,0
ORCA/Modula-2,2007,0,0
ORCA/Modula-2,2008,0,0
ORCA/Modula-2,2009,0,0
ORCA/Modula-2,2010,0,0
ORCA/Modula-2,2011,0,0
ORCA/Modula-2,2012,0,0
ORCA/Modula-2,2013,0,0
ORCA/Modula-2,2014,0,0
Oriel,2007,0,0
Oriel,2008,0,0
Oriel,2009,0,0
Oriel,2010,0,0
Oriel,2011,0,0
Oriel,2012,0,0
Oriel,2013,0,0
Oriel,2014,0,0
Orwell,2007,0,0
Orwell,2008,0,0
Orwell,2009,0,0
Orwell,2010,0,0
Orwell,2011,0,0
Orwell,2012,0,0
Orwell,2013,0,0
Orwell,2014,0,0
Oxygene,2007,0,0
Oxygene,2008,0,3
Oxygene,2009,1,25
Oxygene,2010,1,21
Oxygene,2011,0,1
Oxygene,2012,0,26
Oxygene,2013,5,23
Oxygene,2014,0,4
Oz,2007,0,0
Oz,2008,0,0
Oz,2009,0,5
Oz,2010,1,2
Oz,2011,0,6
Oz,2012,2,8
Oz,2013,0,6
Oz,2014,10,24
P#,2007,0,0
P#,2008,0,0
P#,2009,0,0
P#,2010,0,0
P#,2011,0,0
P#,2012,0,0
P#,2013,0,0
P#,2014,0,0
ParaSail,2007,0,0
ParaSail,2008,0,0
ParaSail,2009,0,0
ParaSail,2010,0,0
ParaSail,2011,0,0
ParaSail,2012,0,0
ParaSail,2013,0,0
ParaSail,2014,0,0
PARI/GP,2007,0,0
PARI/GP,2008,0,0
PARI/GP,2009,0,0
PARI/GP,2010,0,0
PARI/GP,2011,0,0
PARI/GP,2012,0,0
PARI/GP,2013,0,0
PARI/GP,2014,0,0
Pascal,2007,0,0
Pascal,2008,0,6
Pascal,2009,1,52
Pascal,2010,8,119
Pascal,2011,18,182
Pascal,2012,18,187
Pascal,2013,45,273
Pascal,2014,63,227
Pawn,2007,0,0
Pawn,2008,0,0
Pawn,2009,0,0
Pawn,2010,0,0
Pawn,2011,0,0
Pawn,2012,0,2
Pawn,2013,3,12
Pawn,2014,6,8
PCASTL,2007,0,0
PCASTL,2008,0,0
PCASTL,2009,0,0
PCASTL,2010,0,0
PCASTL,2011,0,0
PCASTL,2012,0,0
PCASTL,2013,0,0
PCASTL,2014,0,0
PCF,2007,0,0
PCF,2008,0,0
PCF,2009,0,0
PCF,2010,0,0
PCF,2011,0,1
PCF,2012,0,3
PCF,2013,2,2
PCF,2014,3,3
PEARL,2007,0,0
PEARL,2008,0,0
PEARL,2009,0,0
PEARL,2010,0,0
PEARL,2011,0,0
PEARL,2012,0,0
PEARL,2013,0,0
PEARL,2014,0,0
PeopleCode,2007,0,0
PeopleCode,2008,0,0
PeopleCode,2009,0,0
PeopleCode,2010,0,0
PeopleCode,2011,0,0
PeopleCode,2012,0,0
PeopleCode,2013,0,0
PeopleCode,2014,0,0
Perl,2007,0,0
Perl,2008,0,520
Perl,2009,13,2607
Perl,2010,127,4836
Perl,2011,331,6472
Perl,2012,593,7181
Perl,2013,1306,8988
Perl,2014,1619,7879
PDL,2007,0,0
PDL,2008,0,0
PDL,2009,0,0
PDL,2010,0,3
PDL,2011,0,11
PDL,2012,0,8
PDL,2013,0,1
PDL,2014,1,6
PHP,2007,0,0
PHP,2008,2,2240
PHP,2009,723,20053
PHP,2010,4114,50804
PHP,2011,11328,92674
PHP,2012,21267,122002
PHP,2013,43744,151688
PHP,2014,71360,165075
Phrogram,2007,0,0
Phrogram,2008,0,0
Phrogram,2009,0,0
Phrogram,2010,0,0
Phrogram,2011,0,0
Phrogram,2012,0,0
Phrogram,2013,0,0
Phrogram,2014,0,0
Pico,2007,0,0
Pico,2008,0,1
Pico,2009,0,1
Pico,2010,0,0
Pico,2011,0,2
Pico,2012,0,3
Pico,2013,3,5
Pico,2014,1,3
Picolisp,2007,0,0
Picolisp,2008,0,0
Picolisp,2009,0,2
Picolisp,2010,0,0
Picolisp,2011,0,2
Picolisp,2012,0,0
Picolisp,2013,0,0
Picolisp,2014,0,1
Pict,2007,0,0
Pict,2008,0,0
Pict,2009,0,0
Pict,2010,0,0
Pict,2011,0,0
Pict,2012,0,0
Pict,2013,0,0
Pict,2014,0,0
Pike,2007,0,0
Pike,2008,0,0
Pike,2009,0,2
Pike,2010,0,0
Pike,2011,0,0
Pike,2012,0,0
Pike,2013,1,3
Pike,2014,1,1
PIKT,2007,0,0
PIKT,2008,0,0
PIKT,2009,0,0
PIKT,2010,0,0
PIKT,2011,0,0
PIKT,2012,0,0
PIKT,2013,0,0
PIKT,2014,0,0
PILOT,2007,0,0
PILOT,2008,0,0
PILOT,2009,0,0
PILOT,2010,0,0
PILOT,2011,0,0
PILOT,2012,0,0
PILOT,2013,0,0
PILOT,2014,0,0
Pipelines,2007,0,0
Pipelines,2008,0,0
Pipelines,2009,0,0
Pipelines,2010,0,0
Pipelines,2011,0,0
Pipelines,2012,0,0
Pipelines,2013,0,0
Pipelines,2014,0,0
Pizza,2007,0,0
Pizza,2008,0,0
Pizza,2009,0,0
Pizza,2010,0,0
Pizza,2011,0,0
Pizza,2012,0,0
Pizza,2013,0,0
Pizza,2014,0,0
PL-11,2007,0,0
PL-11,2008,0,0
PL-11,2009,0,0
PL-11,2010,0,0
PL-11,2011,0,0
PL-11,2012,0,0
PL-11,2013,0,0
PL-11,2014,0,0
PL/0,2007,0,0
PL/0,2008,0,0
PL/0,2009,0,0
PL/0,2010,0,0
PL/0,2011,0,0
PL/0,2012,0,0
PL/0,2013,0,0
PL/0,2014,0,0
PL/B,2007,0,0
PL/B,2008,0,0
PL/B,2009,0,0
PL/B,2010,0,0
PL/B,2011,0,0
PL/B,2012,0,0
PL/B,2013,0,0
PL/B,2014,0,0
PL/C,2007,0,0
PL/C,2008,0,5
PL/C,2009,0,5
PL/C,2010,1,8
PL/C,2011,4,17
PL/C,2012,5,35
PL/C,2013,22,67
PL/C,2014,33,58
PL/I,2007,0,0
PL/I,2008,0,0
PL/I,2009,0,0
PL/I,2010,0,0
PL/I,2011,0,0
PL/I,2012,0,0
PL/I,2013,0,0
PL/I,2014,0,0
PL/M,2007,0,0
PL/M,2008,0,0
PL/M,2009,0,1
PL/M,2010,1,5
PL/M,2011,1,6
PL/M,2012,3,9
PL/M,2013,4,11
PL/M,2014,21,35
PL/P,2007,0,0
PL/P,2008,0,0
PL/P,2009,0,0
PL/P,2010,0,0
PL/P,2011,0,0
PL/P,2012,0,0
PL/P,2013,0,0
PL/P,2014,0,0
PL/SQL,2007,0,0
PL/SQL,2008,0,87
PL/SQL,2009,7,489
PL/SQL,2010,34,800
PL/SQL,2011,64,1159
PL/SQL,2012,173,1553
PL/SQL,2013,450,2247
PL/SQL,2014,676,2185
PL360,2007,0,0
PL360,2008,0,0
PL360,2009,0,0
PL360,2010,0,0
PL360,2011,0,0
PL360,2012,0,0
PL360,2013,0,0
PL360,2014,0,0
PLANC,2007,0,0
PLANC,2008,0,0
PLANC,2009,0,0
PLANC,2010,0,0
PLANC,2011,0,0
PLANC,2012,0,0
PLANC,2013,0,0
PLANC,2014,0,0
Planner,2007,0,0
Planner,2008,0,0
Planner,2009,0,0
Planner,2010,0,0
Planner,2011,0,0
Planner,2012,0,0
Planner,2013,0,0
Planner,2014,0,0
PLEX,2007,0,0
PLEX,2008,0,0
PLEX,2009,0,0
PLEX,2010,0,0
PLEX,2011,0,0
PLEX,2012,0,0
PLEX,2013,0,0
PLEX,2014,3,3
PLEXIL,2007,0,0
PLEXIL,2008,0,0
PLEXIL,2009,0,0
PLEXIL,2010,0,0
PLEXIL,2011,0,0
PLEXIL,2012,0,0
PLEXIL,2013,0,0
PLEXIL,2014,0,0
Plus,2007,0,0
Plus,2008,0,0
Plus,2009,0,0
Plus,2010,0,0
Plus,2011,0,0
Plus,2012,0,0
Plus,2013,0,0
Plus,2014,0,0
POP-11,2007,0,0
POP-11,2008,0,0
POP-11,2009,0,1
POP-11,2010,0,0
POP-11,2011,0,0
POP-11,2012,0,1
POP-11,2013,0,0
POP-11,2014,0,0
PostScript,2007,0,0
PostScript,2008,0,9
PostScript,2009,1,29
PostScript,2010,5,60
PostScript,2011,5,69
PostScript,2012,11,103
PostScript,2013,18,103
PostScript,2014,26,91
PortablE,2007,0,0
PortablE,2008,0,30
PortablE,2009,4,141
PortablE,2010,11,192
PortablE,2011,18,154
PortablE,2012,26,155
PortablE,2013,26,139
PortablE,2014,62,139
Powerhouse,2007,0,0
Powerhouse,2008,0,0
Powerhouse,2009,0,0
Powerhouse,2010,0,0
Powerhouse,2011,0,0
Powerhouse,2012,0,0
Powerhouse,2013,0,0
Powerhouse,2014,0,0
PowerBuilder,2007,0,0
PowerBuilder,2008,2,11
PowerBuilder,2009,2,54
PowerBuilder,2010,4,88
PowerBuilder,2011,25,113
PowerBuilder,2012,40,154
PowerBuilder,2013,61,143
PowerBuilder,2014,67,129
PowerShell,2007,0,0
PowerShell,2008,2,138
PowerShell,2009,22,717
PowerShell,2010,75,1152
PowerShell,2011,194,2067
PowerShell,2012,580,3807
PowerShell,2013,1170,5407
PowerShell,2014,2175,6730
PPL,2007,0,0
PPL,2008,0,0
PPL,2009,0,0
PPL,2010,0,0
PPL,2011,0,1
PPL,2012,5,27
PPL,2013,7,24
PPL,2014,9,19
Processing,2007,0,0
Processing,2008,0,6
Processing,2009,3,38
Processing,2010,11,72
Processing,2011,35,211
Processing,2012,78,374
Processing,2013,210,663
Processing,2014,354,747
Processing.js,2007,0,0
Processing.js,2008,0,0
Processing.js,2009,1,8
Processing.js,2010,2,19
Processing.js,2011,10,55
Processing.js,2012,15,47
Processing.js,2013,22,62
Processing.js,2014,32,57
Prograph,2007,0,0
Prograph,2008,0,0
Prograph,2009,0,0
Prograph,2010,0,0
Prograph,2011,0,0
Prograph,2012,0,0
Prograph,2013,0,0
Prograph,2014,0,0
PROIV,2007,0,0
PROIV,2008,0,0
PROIV,2009,0,0
PROIV,2010,0,0
PROIV,2011,0,0
PROIV,2012,0,0
PROIV,2013,0,0
PROIV,2014,0,0
Prolog,2007,0,0
Prolog,2008,0,12
Prolog,2009,5,129
Prolog,2010,23,336
Prolog,2011,53,712
Prolog,2012,118,973
Prolog,2013,182,1277
Prolog,2014,260,1171
PROMAL,2007,0,0
PROMAL,2008,0,0
PROMAL,2009,0,0
PROMAL,2010,0,0
PROMAL,2011,0,0
PROMAL,2012,0,0
PROMAL,2013,0,0
PROMAL,2014,0,0
Promela,2007,0,0
Promela,2008,0,0
Promela,2009,0,0
Promela,2010,0,0
Promela,2011,0,0
Promela,2012,0,0
Promela,2013,4,15
Promela,2014,12,28
PROSE modeling,2007,0,0
PROSE modeling,2008,0,0
PROSE modeling,2009,0,0
PROSE modeling,2010,0,0
PROSE modeling,2011,0,0
PROSE modeling,2012,0,0
PROSE modeling,2013,0,0
PROSE modeling,2014,0,0
PROTEL,2007,0,0
PROTEL,2008,0,0
PROTEL,2009,0,0
PROTEL,2010,0,0
PROTEL,2011,0,0
PROTEL,2012,0,0
PROTEL,2013,0,0
PROTEL,2014,0,0
ProvideX,2007,0,0
ProvideX,2008,0,0
ProvideX,2009,0,0
ProvideX,2010,0,0
ProvideX,2011,0,0
ProvideX,2012,0,0
ProvideX,2013,0,0
ProvideX,2014,0,0
Pro*C,2007,0,0
Pro*C,2008,0,1
Pro*C,2009,0,0
Pro*C,2010,0,0
Pro*C,2011,0,0
Pro*C,2012,12,67
Pro*C,2013,18,102
Pro*C,2014,57,145
Pure,2007,0,0
Pure,2008,0,0
Pure,2009,0,0
Pure,2010,0,0
Pure,2011,0,0
Pure,2012,0,0
Pure,2013,0,0
Pure,2014,0,0
Python,2007,0,0
Python,2008,2,2080
Python,2012,7078,61807
Python,2013,17274,91360
Python,2014,34029,106942
Q,2007,0,0
Q,2008,0,0
Q,2009,0,0
Q,2010,0,0
Q,2011,0,0
Q,2012,0,7
Q,2013,29,181
Q,2014,62,349
Qalb,2007,0,0
Qalb,2008,0,0
Qalb,2009,0,0
Qalb,2010,0,0
Qalb,2011,0,0
Qalb,2012,0,0
Qalb,2013,0,0
Qalb,2014,0,0
Qi,2007,0,0
Qi,2008,0,0
Qi,2009,0,1
Qi,2010,0,0
Qi,2011,0,1
Qi,2012,0,0
Qi,2013,0,1
Qi,2014,0,3
QtScript,2007,0,0
QtScript,2008,0,0
QtScript,2009,0,3
QtScript,2010,3,19
QtScript,2011,6,11
QtScript,2012,4,12
QtScript,2013,9,20
QtScript,2014,7,11
QuakeC,2007,0,0
QuakeC,2008,0,0
QuakeC,2009,0,0
QuakeC,2010,0,0
QuakeC,2011,0,0
QuakeC,2012,0,0
QuakeC,2013,0,0
QuakeC,2014,0,0
QPL,2007,0,0
QPL,2008,0,0
QPL,2009,0,0
QPL,2010,0,0
QPL,2011,0,0
QPL,2012,0,0
QPL,2013,0,0
QPL,2014,0,0
R,2007,0,0
R,2008,0,8
R,2009,1,527
R,2010,35,2258
R,2011,178,5720
R,2012,1065,11843
R,2013,3366,21355
R,2014,8468,28844
R++,2007,0,0
R++,2008,0,0
R++,2009,0,0
R++,2010,0,0
R++,2011,0,0
R++,2012,0,0
R++,2013,0,0
R++,2014,0,0
Racket,2007,0,0
Racket,2008,0,5
Racket,2009,0,68
Racket,2010,3,125
Racket,2011,5,219
Racket,2012,17,335
Racket,2013,34,542
Racket,2014,53,456
RAPID,2007,0,0
RAPID,2008,0,0
RAPID,2009,0,0
RAPID,2010,0,0
RAPID,2011,0,0
RAPID,2012,0,0
RAPID,2013,0,0
RAPID,2014,0,0
Rapira,2007,0,0
Rapira,2008,0,0
Rapira,2009,0,0
Rapira,2010,0,0
Rapira,2011,0,0
Rapira,2012,0,0
Rapira,2013,0,0
Rapira,2014,0,0
Ratfiv,2007,0,0
Ratfiv,2008,0,0
Ratfiv,2009,0,0
Ratfiv,2010,0,0
Ratfiv,2011,0,0
Ratfiv,2012,0,0
Ratfiv,2013,0,0
Ratfiv,2014,0,0
Ratfor,2007,0,0
Ratfor,2008,0,0
Ratfor,2009,0,0
Ratfor,2010,0,0
Ratfor,2011,0,0
Ratfor,2012,0,0
Ratfor,2013,0,0
Ratfor,2014,0,0
rc,2007,0,0
rc,2008,0,2
rc,2009,0,1
rc,2010,1,14
rc,2011,2,17
rc,2012,3,30
rc,2013,7,24
rc,2014,12,18
REBOL,2007,0,0
REBOL,2008,0,3
REBOL,2009,1,70
REBOL,2010,8,97
REBOL,2011,1,25
REBOL,2012,0,12
REBOL,2013,10,130
REBOL,2014,4,90
Red,2007,0,0
Red,2008,0,0
Red,2009,0,0
Red,2010,0,0
Red,2011,0,0
Red,2012,0,0
Red,2013,0,11
Red,2014,0,11
Redcode,2007,0,0
Redcode,2008,0,0
Redcode,2009,0,0
Redcode,2010,0,0
Redcode,2011,0,0
Redcode,2012,0,0
Redcode,2013,0,0
Redcode,2014,0,0
REFAL,2007,0,0
REFAL,2008,0,0
REFAL,2009,0,0
REFAL,2010,0,0
REFAL,2011,0,0
REFAL,2012,0,0
REFAL,2013,0,0
REFAL,2014,0,0
Reia,2007,0,0
Reia,2008,0,0
Reia,2009,0,0
Reia,2010,0,0
Reia,2011,0,0
Reia,2012,0,0
Reia,2013,0,0
Reia,2014,0,0
Revolution,2007,0,0
Revolution,2008,0,0
Revolution,2009,0,0
Revolution,2010,0,0
Revolution,2011,0,0
Revolution,2012,0,0
Revolution,2013,0,0
Revolution,2014,0,0
rex,2007,0,0
rex,2008,0,0
rex,2009,0,0
rex,2010,0,0
rex,2011,0,0
rex,2012,0,0
rex,2013,0,0
rex,2014,2,5
REXX,2007,0,0
REXX,2008,0,1
REXX,2009,0,6
REXX,2010,0,10
REXX,2011,0,4
REXX,2012,1,6
REXX,2013,2,14
REXX,2014,6,13
Rlab,2007,0,0
Rlab,2008,0,0
Rlab,2009,0,0
Rlab,2010,0,0
Rlab,2011,0,0
Rlab,2012,0,0
Rlab,2013,0,0
Rlab,2014,0,0
RobotC,2007,0,0
RobotC,2008,0,0
RobotC,2009,0,0
RobotC,2010,0,0
RobotC,2011,0,0
RobotC,2012,0,0
RobotC,2013,0,0
RobotC,2014,0,0
ROOP,2007,0,0
ROOP,2008,0,0
ROOP,2009,0,0
ROOP,2010,0,0
ROOP,2011,0,0
ROOP,2012,0,0
ROOP,2013,0,0
ROOP,2014,0,0
RPG,2007,0,0
RPG,2008,0,1
RPG,2009,1,8
RPG,2010,0,10
RPG,2011,3,13
RPG,2012,2,25
RPG,2013,2,21
RPG,2014,3,17
RPL,2007,0,0
RPL,2008,0,0
RPL,2009,0,0
RPL,2010,0,0
RPL,2011,0,0
RPL,2012,0,0
RPL,2013,0,0
RPL,2014,0,0
RSL,2007,0,0
RSL,2008,0,1
RSL,2009,0,11
RSL,2010,2,14
RSL,2011,2,13
RSL,2012,4,8
RSL,2013,3,6
RSL,2014,3,3
RTL/2,2007,0,0
RTL/2,2008,0,0
RTL/2,2009,0,0
RTL/2,2010,0,0
RTL/2,2011,0,0
RTL/2,2012,0,0
RTL/2,2013,0,0
RTL/2,2014,0,0
Ruby,2007,0,0
Ruby,2008,3,938
Ruby,2009,173,5182
Ruby,2010,703,10149
Ruby,2011,1778,18586
Ruby,2012,3388,23911
Ruby,2013,6066,27976
Ruby,2014,9634,28501
RuneScript,2007,0,0
RuneScript,2008,0,0
RuneScript,2009,0,0
RuneScript,2010,0,0
RuneScript,2011,0,0
RuneScript,2012,0,0
RuneScript,2013,0,0
RuneScript,2014,0,0
Rust,2007,0,0
Rust,2008,0,0
Rust,2009,0,0
Rust,2010,0,2
Rust,2011,0,0
Rust,2012,0,27
Rust,2013,7,141
Rust,2014,71,886
S,2007,0,0
S,2008,0,0
S,2009,0,1
S,2010,0,1
S,2011,0,2
S,2012,3,15
S,2013,14,19
S,2014,11,19
S2,2007,0,0
S2,2008,0,0
S2,2009,0,0
S2,2010,0,0
S2,2011,0,0
S2,2012,0,0
S2,2013,0,0
S2,2014,0,0
S3,2007,0,0
S3,2008,0,19
S3,2009,16,196
S3,2010,50,412
S3,2011,128,971
S3,2012,358,1609
S3,2013,758,2119
S3,2014,1542,2713
S-Lang,2007,0,0
S-Lang,2008,0,0
S-Lang,2009,0,0
S-Lang,2010,0,0
S-Lang,2011,0,0
S-Lang,2012,0,0
S-Lang,2013,0,0
S-Lang,2014,0,0
S-PLUS,2007,0,0
S-PLUS,2008,0,0
S-PLUS,2009,0,1
S-PLUS,2010,0,3
S-PLUS,2011,0,6
S-PLUS,2012,1,1
S-PLUS,2013,3,3
S-PLUS,2014,5,8
SA-C,2007,0,0
SA-C,2008,0,0
SA-C,2009,0,0
SA-C,2010,0,0
SA-C,2011,0,0
SA-C,2012,0,0
SA-C,2013,0,0
SA-C,2014,0,0
SabreTalk,2007,0,0
SabreTalk,2008,0,0
SabreTalk,2009,0,0
SabreTalk,2010,0,0
SabreTalk,2011,0,0
SabreTalk,2012,0,0
SabreTalk,2013,0,0
SabreTalk,2014,0,0
SAIL,2007,0,0
SAIL,2008,0,0
SAIL,2009,0,0
SAIL,2010,0,0
SAIL,2011,0,0
SAIL,2012,0,0
SAIL,2013,0,0
SAIL,2014,0,0
SALSA,2007,0,0
SALSA,2008,0,0
SALSA,2009,0,0
SALSA,2010,0,0
SALSA,2011,0,0
SALSA,2012,0,0
SALSA,2013,0,0
SALSA,2014,0,0
SAM76,2007,0,0
SAM76,2008,0,0
SAM76,2009,0,0
SAM76,2010,0,0
SAM76,2011,0,0
SAM76,2012,0,0
SAM76,2013,0,0
SAM76,2014,0,0
SAS,2007,0,0
SAS,2008,0,5
SAS,2009,3,110
SAS,2010,9,91
SAS,2011,22,218
SAS,2012,35,412
SAS,2013,150,961
SAS,2014,368,1521
SASL,2007,0,0
SASL,2008,0,2
SASL,2009,2,8
SASL,2010,2,10
SASL,2011,4,14
SASL,2012,11,28
SASL,2013,8,22
SASL,2014,33,41
Sather,2007,0,0
Sather,2008,0,0
Sather,2009,0,0
Sather,2010,0,0
Sather,2011,0,0
Sather,2012,0,0
Sather,2013,0,0
Sather,2014,0,0
Sawzall,2007,0,0
Sawzall,2008,0,0
Sawzall,2009,0,0
Sawzall,2010,0,0
Sawzall,2011,0,0
Sawzall,2012,0,0
Sawzall,2013,0,0
Sawzall,2014,0,0
SBL,2007,0,0
SBL,2008,0,0
SBL,2009,0,0
SBL,2010,0,0
SBL,2011,0,0
SBL,2012,0,0
SBL,2013,0,0
SBL,2014,0,0
Scala,2007,0,0
Scala,2008,0,21
Scala,2009,2,615
Scala,2010,29,2071
Scala,2011,150,4313
Scala,2012,325,5484
Scala,2013,1145,8470
Scala,2014,2483,9909
Scheme,2007,0,0
Scheme,2008,0,58
Scheme,2009,1,235
Scheme,2010,10,406
Scheme,2011,21,580
Scheme,2012,28,729
Scheme,2013,55,997
Scheme,2014,77,709
Scilab,2007,0,0
Scilab,2008,0,1
Scilab,2009,0,3
Scilab,2010,2,14
Scilab,2011,1,13
Scilab,2012,9,26
Scilab,2013,27,66
Scilab,2014,59,93
Scratch,2007,0,0
Scratch,2008,0,0
Scratch,2009,0,0
Scratch,2010,0,0
Scratch,2011,0,0
Scratch,2012,0,0
Scratch,2014,0,0
Script.NET,2007,0,0
Script.NET,2008,0,0
Script.NET,2009,0,0
Script.NET,2010,0,0
Script.NET,2011,0,0
Script.NET,2012,0,0
Script.NET,2013,0,0
Script.NET,2014,0,0
Sed,2007,0,0
Sed,2008,0,24
Sed,2009,4,242
Sed,2010,8,558
Sed,2011,21,1010
Sed,2012,51,1703
Sed,2013,151,2634
Sed,2014,242,2667
Seed7,2007,0,0
Seed7,2008,0,0
Seed7,2009,0,0
Seed7,2010,0,0
Seed7,2011,0,0
Seed7,2012,0,0
Seed7,2013,0,0
Seed7,2014,0,0
Self,2007,0,0
Self,2008,0,0
Self,2009,2,25
Self,2010,4,53
Self,2011,7,106
Self,2012,9,122
Self,2013,24,124
Self,2014,24,128
SenseTalk,2007,0,0
SenseTalk,2008,0,0
SenseTalk,2009,0,0
SenseTalk,2010,0,0
SenseTalk,2011,0,0
SenseTalk,2012,0,0
SenseTalk,2013,0,0
SenseTalk,2014,0,0
SequenceL,2007,0,0
SequenceL,2008,0,0
SequenceL,2009,0,0
SequenceL,2010,0,0
SequenceL,2011,0,0
SequenceL,2012,0,0
SequenceL,2013,0,0
SequenceL,2014,0,0
SETL,2007,0,0
SETL,2008,0,0
SETL,2009,0,0
SETL,2010,0,0
SETL,2012,0,0
SETL,2013,0,0
SETL,2014,0,0
Shift Script,2007,0,0
Shift Script,2008,0,0
Shift Script,2009,0,0
Shift Script,2010,0,0
Shift Script,2011,0,0
Shift Script,2012,0,0
Shift Script,2013,0,0
Shift Script,2014,0,0
SIMPOL,2007,0,0
SIMPOL,2008,0,0
SIMPOL,2009,0,0
SIMPOL,2010,0,0
SIMPOL,2011,0,0
SIMPOL,2012,0,0
SIMPOL,2013,0,0
SIMPOL,2014,0,0
SiMPLE,2007,0,0
SiMPLE,2008,0,0
SiMPLE,2009,0,0
SiMPLE,2010,0,0
SiMPLE,2011,0,0
SiMPLE,2012,0,0
SiMPLE,2013,0,0
SiMPLE,2014,0,0
SIMSCRIPT,2007,0,0
SIMSCRIPT,2008,0,0
SIMSCRIPT,2009,0,0
SIMSCRIPT,2010,0,0
SIMSCRIPT,2011,0,0
SIMSCRIPT,2012,0,0
SIMSCRIPT,2013,0,0
SIMSCRIPT,2014,0,0
Simula,2007,0,0
Simula,2008,0,0
Simula,2009,0,0
Simula,2010,0,0
Simula,2011,0,0
Simula,2012,0,0
Simula,2013,0,0
Simula,2014,0,0
Simulink,2007,0,0
Simulink,2008,0,2
Simulink,2009,2,12
Simulink,2010,3,28
Simulink,2011,13,90
Simulink,2012,40,110
Simulink,2013,112,299
Simulink,2014,196,392
SISAL,2007,0,0
SISAL,2008,0,0
SISAL,2009,0,0
SISAL,2010,0,0
SISAL,2011,0,0
SISAL,2012,0,0
SISAL,2013,0,0
SISAL,2014,0,0
SLIP,2007,0,0
SLIP,2008,0,0
SLIP,2009,0,0
SLIP,2010,0,0
SLIP,2011,0,0
SLIP,2012,0,0
SLIP,2013,0,0
SLIP,2014,0,0
SMALL,2007,0,0
SMALL,2008,0,0
SMALL,2009,0,0
SMALL,2010,0,0
SMALL,2011,0,0
SMALL,2012,0,0
SMALL,2013,0,0
SMALL,2014,0,0
Smalltalk,2007,0,0
Smalltalk,2008,0,18
Smalltalk,2009,0,80
Smalltalk,2010,0,94
Smalltalk,2011,2,171
Smalltalk,2012,5,150
Smalltalk,2013,10,269
Smalltalk,2014,19,152
Small Basic,2007,0,0
Small Basic,2008,0,0
Small Basic,2009,0,1
Small Basic,2010,0,1
Small Basic,2011,0,1
Small Basic,2012,1,1
Small Basic,2013,0,5
Small Basic,2014,4,9
SML,2007,0,0
SML,2008,0,4
SML,2009,0,27
SML,2010,4,74
SML,2011,2,111
SML,2012,5,143
SML,2013,22,319
SML,2014,43,166
SNOBOL,2007,0,0
SNOBOL,2008,0,0
SNOBOL,2009,0,0
SNOBOL,2010,0,0
SNOBOL,2011,0,1
SNOBOL,2012,0,0
SNOBOL,2014,2,2
Snowball,2007,0,0
Snowball,2008,0,1
Snowball,2009,0,1
Snowball,2010,0,3
Snowball,2011,0,2
Snowball,2012,3,9
Snowball,2013,3,7
Snowball,2014,3,10
SOL,2007,0,0
SOL,2008,0,0
SOL,2010,0,0
SOL,2011,0,0
SOL,2012,0,0
SOL,2013,0,0
SOL,2014,0,0
Span,2007,0,0
Span,2008,8,1358
Span,2009,364,9157
Span,2010,1642,20561
Span,2011,4686,40737
Span,2012,9573,59913
Span,2013,22295,89838
Span,2014,37711,107097
SPARK,2007,0,0
SPARK,2008,0,0
SPARK,2009,2,21
SPARK,2010,13,101
SPARK,2011,56,238
SPARK,2012,57,180
SPARK,2013,42,120
SPARK,2014,279,483
SPIN,2007,0,0
SPIN,2008,0,0
SPIN,2009,0,0
SPIN,2010,0,0
SPIN,2011,0,1
SPIN,2012,0,3
SPIN,2013,2,14
SPIN,2014,18,33
SP/k,2007,0,0
SP/k,2008,0,0
SP/k,2009,0,0
SP/k,2010,0,0
SP/k,2011,0,0
SP/k,2012,0,0
SP/k,2013,0,0
SP/k,2014,0,0
SPS,2007,0,0
SPS,2008,0,0
SPS,2009,0,0
SPS,2010,0,0
SPS,2011,0,0
SPS,2012,0,0
SPS,2013,0,0
SPS,2014,0,0
Squeak,2007,0,0
Squeak,2008,0,4
Squeak,2009,0,33
Squeak,2010,1,33
Squeak,2011,1,53
Squeak,2012,1,35
Squeak,2013,2,47
Squeak,2014,2,32
Squirrel,2007,0,0
Squirrel,2008,0,1
Squirrel,2009,0,2
Squirrel,2010,0,1
Squirrel,2011,0,0
Squirrel,2012,0,0
Squirrel,2013,3,3
Squirrel,2014,5,7
SR,2007,0,0
SR,2008,0,0
SR,2009,0,0
SR,2010,0,0
SR,2011,0,0
SR,2012,0,0
SR,2013,0,0
SR,2014,0,0
S/SL,2007,0,0
S/SL,2008,2,156
S/SL,2009,57,651
S/SL,2010,195,1166
S/SL,2011,382,2008
S/SL,2012,733,2807
S/SL,2013,1346,3416
S/SL,2014,3081,5375
Stackless Python,2007,0,0
Stackless Python,2008,0,0
Stackless Python,2009,0,0
Stackless Python,2010,0,0
Stackless Python,2011,0,0
Stackless Python,2012,0,0
Stackless Python,2013,0,0
Stackless Python,2014,0,0
Starlogo,2007,0,0
Starlogo,2008,0,0
Starlogo,2009,0,0
Starlogo,2010,0,0
Starlogo,2011,0,0
Starlogo,2012,0,0
Starlogo,2013,0,0
Starlogo,2014,0,0
Strand,2007,0,0
Strand,2008,0,0
Strand,2009,0,0
Strand,2010,0,0
Strand,2011,0,0
Strand,2012,0,0
Strand,2013,0,0
Strand,2014,0,0
Stata,2007,0,0
Stata,2008,0,0
Stata,2009,0,4
Stata,2010,0,17
Stata,2011,2,53
Stata,2012,11,98
Stata,2013,52,382
Stata,2014,98,423
Stateflow,2007,0,0
Stateflow,2008,0,0
Stateflow,2009,0,0
Stateflow,2010,1,2
Stateflow,2011,0,2
Stateflow,2012,0,4
Stateflow,2013,3,9
Stateflow,2014,3,10
Subtext,2007,0,0
Subtext,2008,0,3
Subtext,2009,0,5
Subtext,2010,0,3
Subtext,2011,1,4
Subtext,2012,1,1
Subtext,2013,0,0
Subtext,2014,0,0
SuperCollider,2007,0,0
SuperCollider,2008,0,0
SuperCollider,2009,0,0
SuperCollider,2010,0,1
SuperCollider,2011,2,6
SuperCollider,2012,0,6
SuperCollider,2013,1,22
SuperCollider,2014,5,12
SuperTalk,2007,0,0
SuperTalk,2008,0,0
SuperTalk,2009,0,0
SuperTalk,2010,0,0
SuperTalk,2011,0,0
SuperTalk,2012,0,0
SuperTalk,2013,0,0
SuperTalk,2014,0,0
Swift,2007,0,0
Swift,2008,0,0
Swift,2009,0,1
Swift,2010,0,1
Swift,2011,1,3
Swift,2012,0,2
Swift,2013,0,1
Swift,2014,3937,12834
SYMPL,2007,0,0
SYMPL,2008,0,0
SYMPL,2009,0,0
SYMPL,2010,0,0
SYMPL,2011,0,0
SYMPL,2012,0,0
SYMPL,2013,0,0
SYMPL,2014,0,0
SyncCharts,2007,0,0
SyncCharts,2008,0,0
SyncCharts,2009,0,0
SyncCharts,2010,0,0
SyncCharts,2011,0,0
SyncCharts,2012,0,0
SyncCharts,2013,0,0
SyncCharts,2014,0,0
SystemVerilog,2007,0,0
SystemVerilog,2008,0,0
SystemVerilog,2009,0,0
SystemVerilog,2010,0,0
SystemVerilog,2011,0,0
SystemVerilog,2012,0,0
SystemVerilog,2013,0,0
SystemVerilog,2014,0,0
T,2007,0,0
T,2008,0,0
T,2009,0,0
T,2010,0,0
T,2011,0,0
T,2012,0,0
T,2013,0,0
T,2014,0,0
TACL,2007,0,0
TACL,2008,0,0
TACL,2009,0,0
TACL,2010,0,0
TACL,2011,0,0
TACL,2012,0,0
TACL,2013,0,0
TACL,2014,0,0
TACPOL,2007,0,0
TACPOL,2008,0,0
TACPOL,2009,0,0
TACPOL,2010,0,0
TACPOL,2011,0,0
TACPOL,2012,0,0
TACPOL,2013,0,0
TACPOL,2014,0,0
TADS,2007,0,0
TADS,2008,0,0
TADS,2009,0,0
TADS,2010,0,0
TADS,2011,0,0
TADS,2012,0,0
TADS,2013,0,0
TADS,2014,0,0
TAL,2007,0,0
TAL,2008,0,0
TAL,2009,0,0
TAL,2010,0,0
TAL,2011,0,0
TAL,2012,0,0
TAL,2013,0,0
TAL,2014,0,1
Tcl,2007,0,0
Tcl,2008,0,11
Tcl,2009,2,98
Tcl,2010,15,207
Tcl,2011,21,330
Tcl,2012,56,588
Tcl,2013,144,896
Tcl,2014,233,867
Tea,2007,0,0
Tea,2008,0,0
Tea,2009,0,0
Tea,2010,0,0
Tea,2011,0,0
Tea,2012,0,0
Tea,2013,0,0
Tea,2014,0,0
TECO,2007,0,0
TECO,2008,0,0
TECO,2009,0,0
TECO,2010,0,0
TECO,2011,0,0
TECO,2012,0,0
TECO,2013,0,0
TECO,2014,0,0
TELCOMP,2007,0,0
TELCOMP,2008,0,0
TELCOMP,2009,0,0
TELCOMP,2010,0,0
TELCOMP,2011,0,0
TELCOMP,2012,0,0
TELCOMP,2013,0,0
TeX,2007,0,0
TeX,2008,0,3
TeX,2009,0,46
TeX,2010,3,78
TeX,2011,4,42
TeX,2012,1,41
TeX,2013,11,44
TeX,2014,51,92
TEX,2007,0,0
TEX,2008,0,3
TEX,2009,0,46
TEX,2010,3,78
TEX,2011,4,42
TEX,2012,1,41
TEX,2013,11,44
TEX,2014,51,92
TIE,2007,0,0
TIE,2008,0,1
TIE,2009,0,6
TIE,2010,1,5
TIE,2011,0,7
TIE,2012,0,5
TIE,2013,4,17
TIE,2014,4,14
Timber,2007,0,0
Timber,2008,0,0
Timber,2009,0,0
Timber,2010,0,0
Timber,2011,0,0
Timber,2012,0,0
Timber,2013,0,0
Timber,2014,0,0
TMG,2007,0,0
TMG,2008,0,0
TMG,2009,0,0
TMG,2010,0,0
TMG,2011,0,0
TMG,2012,0,0
TMG,2013,0,0
TMG,2014,0,0
Tom,2007,0,0
Tom,2008,0,0
Tom,2009,0,0
Tom,2010,0,0
Tom,2011,0,0
Tom,2012,0,0
Tom,2013,0,0
Tom,2014,0,0
TOM,2007,0,0
TOM,2008,0,0
TOM,2009,0,0
TOM,2010,0,0
TOM,2011,0,0
TOM,2012,0,0
TOM,2013,0,0
Topspeed,2007,0,0
Topspeed,2008,0,0
Topspeed,2009,0,0
Topspeed,2010,0,0
Topspeed,2011,0,0
Topspeed,2012,0,0
Topspeed,2013,0,0
Topspeed,2014,0,0
TPU,2007,0,0
TPU,2008,0,0
TPU,2009,0,0
TPU,2010,0,0
TPU,2011,0,0
TPU,2012,0,0
TPU,2013,0,0
TPU,2014,0,0
Trac,2007,0,0
Trac,2008,0,26
Trac,2010,13,109
Trac,2011,16,115
Trac,2012,18,108
Trac,2013,30,86
Trac,2014,33,74
TTM,2007,0,0
TTM,2008,0,0
TTM,2009,0,0
TTM,2010,0,0
TTM,2011,0,0
TTM,2012,0,0
TTM,2013,0,0
TTM,2014,0,0
T-SQL,2007,0,0
T-SQL,2008,0,0
T-SQL,2009,0,0
T-SQL,2010,0,0
T-SQL,2011,0,0
T-SQL,2012,0,0
T-SQL,2013,0,0
T-SQL,2014,0,0
TTCN,2007,0,0
TTCN,2008,0,0
TTCN,2009,1,4
TTCN,2010,0,0
TTCN,2011,0,0
TTCN,2012,0,0
TTCN,2013,0,2
TTCN,2014,0,0
Turing,2007,0,0
Turing,2008,0,1
Turing,2009,0,3
Turing,2010,1,8
Turing,2011,0,1
Turing,2012,1,3
Turing,2013,3,9
Turing,2014,5,6
TUTOR,2007,0,0
TUTOR,2008,0,0
TUTOR,2009,0,0
TUTOR,2010,0,0
TUTOR,2011,0,0
TUTOR,2012,0,0
TUTOR,2013,0,0
TUTOR,2014,0,0
TXL,2007,0,0
TXL,2008,0,0
TXL,2009,0,0
TXL,2010,0,0
TXL,2011,0,0
TXL,2012,0,0
TXL,2013,0,0
TXL,2014,0,0
TypeScript,2007,0,0
TypeScript,2008,0,0
TypeScript,2009,0,0
TypeScript,2010,0,0
TypeScript,2011,0,0
TypeScript,2012,14,497
TypeScript,2013,110,1139
TypeScript,2014,266,1413
Turbo C++,2007,0,0
Turbo C++,2008,0,2
Turbo C++,2009,0,5
Turbo C++,2010,2,19
Turbo C++,2011,3,23
Turbo C++,2012,3,14
Turbo C++,2013,4,40
Turbo C++,2014,8,36
Ubercode,2008,0,0
Ubercode,2009,0,0
Ubercode,2010,0,0
Ubercode,2011,0,0
Ubercode,2012,0,0
Ubercode,2013,0,0
Ubercode,2014,0,0
UCSD Pascal,2007,0,0
UCSD Pascal,2008,0,0
UCSD Pascal,2009,0,0
UCSD Pascal,2010,0,0
UCSD Pascal,2011,0,0
UCSD Pascal,2012,0,0
UCSD Pascal,2013,0,0
UCSD Pascal,2014,0,0
Umple,2007,0,0
Umple,2008,0,0
Umple,2009,0,0
Umple,2010,0,0
Umple,2011,0,0
Umple,2012,0,0
Umple,2013,0,0
Umple,2014,0,0
Unicon,2007,0,0
Unicon,2008,0,0
Unicon,2009,0,0
Unicon,2010,0,0
Unicon,2011,0,0
Unicon,2012,0,0
Unicon,2013,0,0
Unicon,2014,0,0
Uniface,2007,0,0
Uniface,2008,0,0
Uniface,2009,0,0
Uniface,2010,0,0
Uniface,2011,0,0
Uniface,2012,0,0
Uniface,2013,0,0
Uniface,2014,0,0
UNITY,2007,0,0
UNITY,2008,0,11
UNITY,2009,16,173
UNITY,2010,29,277
UNITY,2011,59,437
UNITY,2012,90,467
UNITY,2013,123,427
UNITY,2014,198,471
Unix shell,2007,0,0
Unix shell,2008,0,0
Unix shell,2009,0,0
Unix shell,2010,0,0
Unix shell,2011,0,0
Unix shell,2012,0,0
Unix shell,2013,0,0
Unix shell,2014,0,0
UnrealScript,2007,0,0
UnrealScript,2008,0,0
UnrealScript,2009,0,2
UnrealScript,2010,0,7
UnrealScript,2011,3,8
UnrealScript,2012,2,14
UnrealScript,2013,4,15
UnrealScript,2014,7,13
Vala,2007,0,0
Vala,2008,0,0
Vala,2009,0,6
Vala,2010,0,24
Vala,2011,6,63
Vala,2013,19,101
Vala,2014,12,92
VBA,2007,0,0
VBA,2008,3,175
VBA,2009,71,1151
VBA,2010,219,1742
VBA,2011,407,2852
VBA,2012,884,4835
VBA,2013,2750,9066
VBA,2014,5733,12766
VBScript,2007,0,0
VBScript,2008,5,157
VBScript,2009,41,535
VBScript,2010,139,831
VBScript,2011,215,1153
VBScript,2012,398,1700
VBScript,2013,757,2354
VBScript,2014,1042,2392
Verilog,2007,0,0
Verilog,2008,0,10
Verilog,2009,0,22
Verilog,2010,1,54
Verilog,2011,2,124
Verilog,2012,8,219
Verilog,2013,53,448
Verilog,2014,109,463
VHDL,2007,0,0
VHDL,2008,0,7
VHDL,2009,0,27
VHDL,2010,1,58
VHDL,2011,9,177
VHDL,2012,37,278
VHDL,2013,119,613
VHDL,2014,174,604
Visual Basic,2007,0,0
Visual Basic,2008,0,0
Visual Basic,2009,0,0
Visual Basic,2010,0,0
Visual Basic,2011,0,0
Visual Basic,2012,0,0
Visual Basic,2013,0,0
Visual Basic,2014,0,0
Visual Basic .NET,2007,0,0
Visual Basic .NET,2008,0,0
Visual Basic .NET,2009,0,0
Visual Basic .NET,2010,0,0
Visual Basic .NET,2011,0,0
Visual Basic .NET,2012,0,0
Visual Basic .NET,2013,0,0
Visual Basic .NET,2014,0,0
Visual DataFlex,2007,0,0
Visual DataFlex,2008,0,0
Visual DataFlex,2009,0,0
Visual DataFlex,2010,0,0
Visual DataFlex,2011,0,0
Visual DataFlex,2012,0,0
Visual DataFlex,2013,0,0
Visual DataFlex,2014,0,0
Visual DialogScript,2007,0,0
Visual DialogScript,2008,0,0
Visual DialogScript,2009,0,0
Visual DialogScript,2010,0,0
Visual DialogScript,2011,0,0
Visual DialogScript,2012,0,0
Visual DialogScript,2013,0,0
Visual DialogScript,2014,0,0
Visual Fortran,2007,0,0
Visual Fortran,2008,0,0
Visual Fortran,2009,0,0
Visual Fortran,2010,0,0
Visual Fortran,2011,0,0
Visual Fortran,2012,0,0
Visual Fortran,2013,0,0
Visual Fortran,2014,0,0
Visual FoxPro,2007,0,0
Visual FoxPro,2008,0,0
Visual FoxPro,2009,0,0
Visual FoxPro,2010,0,0
Visual FoxPro,2011,0,0
Visual FoxPro,2012,0,0
Visual FoxPro,2013,0,0
Visual FoxPro,2014,0,0
Visual J++,2007,0,0
Visual J++,2008,0,0
Visual J++,2009,0,0
Visual J++,2010,0,0
Visual J++,2011,0,0
Visual J++,2012,0,0
Visual J++,2013,0,0
Visual J++,2014,0,0
Visual J#,2007,0,0
Visual J#,2008,0,1
Visual J#,2009,0,1
Visual J#,2010,0,1
Visual J#,2011,1,2
Visual J#,2012,3,3
Visual J#,2013,0,0
Visual J#,2014,0,0
Visual Objects,2007,0,0
Visual Objects,2008,0,0
Visual Objects,2009,0,0
Visual Objects,2010,0,0
Visual Objects,2011,0,0
Visual Objects,2012,0,0
Visual Objects,2013,0,0
Visual Objects,2014,0,0
Visual Prolog,2007,0,0
Visual Prolog,2008,0,0
Visual Prolog,2009,0,0
Visual Prolog,2010,0,0
Visual Prolog,2011,0,0
Visual Prolog,2012,0,0
Visual Prolog,2013,0,0
Visual Prolog,2014,0,0
VSXu,2007,0,0
VSXu,2008,0,0
VSXu,2009,0,0
VSXu,2010,0,0
VSXu,2011,0,0
VSXu,2012,0,0
VSXu,2013,0,0
VSXu,2014,0,0
Vvvv,2007,0,0
Vvvv,2008,0,0
Vvvv,2009,0,0
Vvvv,2010,0,0
Vvvv,2011,0,0
Vvvv,2012,0,0
Vvvv,2013,0,0
Vvvv,2014,0,0
"WATFIV, WATFOR",2008,0,0
"WATFIV, WATFOR",2009,0,0
"WATFIV, WATFOR",2010,0,0
"WATFIV, WATFOR",2011,0,0
"WATFIV, WATFOR",2012,0,0
"WATFIV, WATFOR",2013,0,0
"WATFIV, WATFOR",2014,0,0
WebDNA,2007,0,0
WebDNA,2008,0,0
WebDNA,2009,0,0
WebDNA,2010,0,0
WebDNA,2011,0,0
WebDNA,2012,0,0
WebDNA,2013,1,1
WebDNA,2014,0,0
WebQL,2007,0,0
WebQL,2008,0,0
WebQL,2009,0,0
WebQL,2010,0,0
WebQL,2011,0,0
WebQL,2012,0,0
WebQL,2013,0,0
WebQL,2014,0,0
Windows PowerShell,2007,0,0
Windows PowerShell,2008,0,0
Windows PowerShell,2009,0,0
Windows PowerShell,2010,0,0
Windows PowerShell,2011,0,0
Windows PowerShell,2012,0,0
Windows PowerShell,2013,0,0
Windows PowerShell,2014,0,0
Winbatch,2007,0,0
Winbatch,2008,1,162
Winbatch,2009,31,694
Winbatch,2010,98,1064
Winbatch,2011,208,2032
Winbatch,2012,495,3320
Winbatch,2013,1179,5788
Winbatch,2014,2416,6520
Wolfram,2007,0,0
Wolfram,2008,0,5
Wolfram,2009,0,72
Wolfram,2010,2,257
Wolfram,2011,21,1421
Wolfram,2012,64,506
Wolfram,2013,149,410
Wolfram,2014,152,323
Wyvern,2007,0,0
Wyvern,2008,0,0
Wyvern,2009,0,0
Wyvern,2010,0,0
Wyvern,2011,0,0
Wyvern,2012,0,0
Wyvern,2013,0,0
Wyvern,2014,0,0
X++,2007,0,0
X++,2008,0,8
X++,2009,1,22
X++,2010,2,19
X++,2011,3,74
X++,2012,6,142
X++,2013,22,127
X++,2014,31,151
X#,2007,0,0
X#,2008,0,0
X#,2009,0,0
X#,2010,0,0
X#,2011,0,0
X#,2012,0,0
X#,2013,0,0
X#,2014,0,0
X10,2007,0,0
X10,2008,0,1
X10,2009,0,1
X10,2010,1,5
X10,2011,0,4
X10,2012,1,3
X10,2013,1,1
X10,2014,0,0
XBL,2007,0,0
XBL,2008,0,0
XBL,2009,0,0
XBL,2010,1,14
XBL,2011,2,9
XBL,2012,2,5
XBL,2013,4,7
XBL,2014,6,19
XC,2007,0,0
XC,2008,0,0
XC,2009,0,0
XC,2010,0,0
XC,2011,0,0
XC,2012,0,0
XC,2013,0,0
XC,2014,0,0
xHarbour,2007,0,0
xHarbour,2008,0,0
xHarbour,2009,0,0
xHarbour,2010,0,0
xHarbour,2011,0,0
xHarbour,2012,0,0
xHarbour,2013,0,0
xHarbour,2014,0,0
XL,2007,0,0
XL,2008,0,0
XL,2009,0,0
XL,2010,0,0
XL,2011,0,0
XL,2012,0,0
XL,2013,0,0
XL,2014,0,0
Xojo,2007,0,0
Xojo,2008,0,0
Xojo,2009,0,0
Xojo,2010,0,0
Xojo,2011,0,0
Xojo,2012,0,1
Xojo,2013,1,19
Xojo,2014,4,15
XOTcl,2007,0,0
XOTcl,2008,0,0
XOTcl,2009,0,0
XOTcl,2010,0,0
XOTcl,2011,0,0
XOTcl,2012,0,0
XOTcl,2013,0,0
XOTcl,2014,0,0
XPL,2007,0,0
XPL,2008,0,0
XPL,2009,0,0
XPL,2010,0,0
XPL,2011,0,0
XPL,2012,0,0
XPL,2013,0,0
XPL,2014,0,0
XPL0,2007,0,0
XPL0,2008,0,0
XPL0,2009,0,0
XPL0,2010,0,0
XPL0,2011,0,0
XPL0,2012,0,0
XPL0,2013,0,0
XPL0,2014,0,0
XQuery,2007,0,0
XQuery,2008,0,18
XQuery,2009,9,79
XQuery,2010,23,184
XQuery,2011,33,284
XQuery,2012,69,587
XQuery,2013,70,454
XQuery,2014,104,437
XSB,2007,0,0
XSB,2008,0,0
XSB,2009,0,0
XSB,2010,0,0
XSB,2011,0,2
XSB,2012,3,3
XSB,2013,0,5
XSB,2014,4,4
XSLT,2007,0,0
XSLT,2008,2,211
XSLT,2009,68,1229
XSLT,2010,142,1981
XSLT,2011,368,3079
XSLT,2012,517,3702
XSLT,2013,874,4373
XSLT,2014,1034,3860
Xtend,2007,0,0
Xtend,2008,0,0
Xtend,2009,0,0
Xtend,2010,0,0
Xtend,2011,0,6
Xtend,2012,2,35
Xtend,2013,12,54
Xtend,2014,26,52
Yorick,2007,0,0
Yorick,2008,0,0
Yorick,2009,0,0
Yorick,2010,0,0
Yorick,2011,0,0
Yorick,2012,0,0
Yorick,2013,0,0
Yorick,2014,0,0
YQL,2007,0,0
YQL,2008,0,0
YQL,2009,1,19
YQL,2010,10,86
YQL,2011,34,139
YQL,2012,43,147
YQL,2013,37,88
YQL,2014,76,123
Z notation,2007,0,0
Z notation,2008,0,0
Z notation,2009,0,0
Z notation,2010,0,0
Z notation,2011,0,0
Z notation,2012,0,0
Z notation,2013,0,0
Z notation,2014,0,0
Zeno,2007,0,0
Zeno,2008,0,0
Zeno,2009,0,0
Zeno,2010,0,0
Zeno,2011,0,0
Zeno,2012,0,0
Zeno,2013,0,0
Zeno,2014,0,0
ZOPL,2007,0,0
ZOPL,2008,0,0
ZOPL,2009,0,0
ZOPL,2010,0,0
ZOPL,2011,0,0
ZOPL,2012,0,0
ZOPL,2013,0,0
ZOPL,2014,0,0
ZPL,2007,0,0
ZPL,2008,0,0
ZPL,2009,0,0
ZPL,2010,0,4
ZPL,2011,3,17
ZPL,2012,2,16
ZPL,2013,11,36
ZPL,2014,25,54
